Municípios,Densidade Empresarial,Renda,Educação,Valores Solidários - programas e ações,Tecido Social,Tecido Empresarial,Articulação,Gestão Pública,Participação e Controle Social,Vantagens Locais,Organização Produtiva,Comércio Internacional
Adamantina,0.292111732,0.709370632,0.844012334,0.571428571,0.003483054,0,0.5,0.695181259,0.404761905,0.439765106,0.491474746,0.06779201
Adolfo,0.294667036,0.623339093,0.801919983,0,0.000656737,0,0,0.53366364,0.374047619,0.413951678,0.35241778,0.06779201
Aguaí,0.282476453,0.594758686,0.771490967,0,0.001219655,0.002001601,0,0.326012184,0.400238095,0.344831719,0.500990279,0.06779201
Águas da Prata,0.270997105,0.671739483,0.826816933,0,0.000258004,0,0.083333333,0.787747061,0.367142857,0.424545005,0.474747699,0.06779201
Águas de Lindóia,0.435083982,0.647600937,0.791000547,0,0.000609828,0.00020016,0.25,0.662080936,0.362301587,0.40069632,0.46135181,0.06779201
Águas de Santa Bárbara,0.388349527,0.654866516,0.819653647,0,0.0000235,0,0.75,0.642608671,0.542142857,0.398232374,0.419053549,0.06779201
Águas de São Pedro,0.586233504,0.876034202,0.939772526,0.571428571,0.000985106,0,0.166666667,0.699064817,0.417142857,0.613215041,0.446190018,0.06779201
Agudos,0.309981263,0.598214033,0.828578124,0.571428571,0.002791134,0,0,0.570822746,0.463015873,0.399806092,0.494136118,0.093420983
Alambari,0.206950669,0.569713147,0.762388783,0,0.000281459,0,0,0.786732194,0.311269841,0.320720749,0.474017887,0.06779201
Alfredo Marcondes,0.228440057,0.589000055,0.782710559,0,0.0000352,0,0.083333333,0.449275054,0.324206349,0.39910528,0.33439415,0.096970941
Altair,0.261540828,0.599310281,0.732156541,0,0,0,0,0.558737386,0.194047619,0.360327662,0.372106528,0.06779201
Altinópolis,0.425177092,0.645023523,0.776380419,0,0.001102381,0,0.25,0.704771034,0.551111111,0.400027095,0.457416481,0.06779201
Alto Alegre,1,0.596045993,0.749856212,0,0.0000352,0,0.166666667,0.347357054,0.273888889,0.362588747,0.461498884,0.06779201
Alumínio,0.174239099,0.630688329,0.867447439,0,0.000422188,0,0,0.172648123,0.478174603,0.378398188,0.233352601,0.089869357
Álvares Florence,0.328038451,0.616260367,0.773034698,0,0.0000117,0,0.083333333,0.648545523,0.310079365,0.390482834,0.384952026,0.06779201
Álvares Machado,0.242999576,0.613661524,0.811469909,0,0.001548024,0,0,0.523433919,0.437857143,0.350056619,0.481001136,0.09946016
Álvaro de Carvalho,0.095845475,0.577791942,0.748104783,0,0.0000117,0,0,0.389975375,0.441111111,0.314113991,0.421484065,0.06779201
Alvinlândia,0.245800137,0.623599394,0.809880233,0,0,0,0.166666667,0.319193855,0.470238095,0.368682615,0.373656115,0.06779201
Americana,0.321848643,0.764695909,0.867378547,0.714285714,0.011164536,0.002401922,0.25,0.711827717,0.627936508,0.462210998,0.601523969,0.138477848
Américo Brasiliense,0.190914968,0.620985728,0.807897038,0,0.000621555,0.000800641,0,0.745728642,0.502857143,0.390838539,0.422262189,0.111292814
Américo de Campos,0.276926242,0.623245129,0.807840814,0,0.0000235,0,0.083333333,0.594629802,0.508333333,0.311833724,0.477329333,0.06779201
Amparo,0.307544573,0.723273767,0.831232453,1,0.004831711,0.002001601,0.416666667,0.78076826,0.616507937,0.402097897,0.512563337,0.155425468
Analândia,0.334904511,0.656069191,0.824904425,0,0.0000117,0,0.083333333,0.468231661,0.330555556,0.334883293,0.449849186,0.06779201
Andradina,0.309883337,0.688613047,0.823980032,1,0.002650405,0.003803042,0.166666667,0.762527091,0.444761905,0.401987067,0.496572699,0.099943908
Angatuba,0.282704447,0.585300106,0.793664394,0,0.000527735,0,0.166666667,0.741674792,0.285079365,0.342697544,0.480850317,0.06779201
Anhembi,0.29282813,0.576719255,0.74584455,0,0.000105547,0,0,0.632887074,0.204206349,0.333200984,0.441730281,0.06779201
Anhumas,0.285440463,0.575632066,0.812203446,0,0.000211094,0,0,0.577799955,0.321984127,0.363505429,0.440702277,0.06779201
Aparecida,0.390844651,0.645422333,0.870631794,0,0.02731324,0,0,0.724798257,0.291984127,0.390436879,0.484532617,0.06779201
Aparecida d'Oeste,0.14441825,0.582970866,0.775092156,0,0.0000235,0,0.083333333,0.183386962,0.319047619,0.361289851,0.360252644,0.06779201
Apiaí,0.286384988,0.463848128,0.771486523,0,0.001125836,0,0.416666667,0.702808543,0.380079365,0.28441162,0.488791913,0.06779201
Araçariguama,0.247489838,0.61979061,0.785281943,0,0.001372112,0.00020016,0,0.728255137,0.405952381,0.321353271,0.525183215,0.122858787
Araçatuba,0.329097498,0.721318109,0.852981345,1,0.01345139,0.004603683,0.083333333,0.585106451,0.539603175,0.448453207,0.515505445,0.110359673
Araçoiaba da Serra,0.259257717,0.668172681,0.823843271,1,0.001653571,0.001000801,0,0.717886903,0.465079365,0.330848006,0.498437869,0.092731521
Aramina,0.231824375,0.641201661,0.805223995,0,0.0000938,0,0,0.546710544,0.458174603,0.352361191,0.477913082,0.06779201
Arandu,0.262410895,0.571169589,0.748610771,0,0.0000821,0,0,0.53238592,0.426825397,0.355799229,0.426540692,0.06779201
Arapeí,0.269982172,0.483015092,0.731956763,0,0.0000235,0,0,0.785835488,0.510238095,0.324225122,0.447000488,0.06779201
Araraquara,0.287988117,0.73594211,0.875258429,0.571428571,0.01331066,0.006004804,0,0.799779443,0.560793651,0.433974446,0.560737947,0.117374142
Araras,0.271554651,0.697245512,0.852018306,0,0.005136625,0.00020016,0,0.231226347,0.614761905,0.416136454,0.554372218,0.151030822
Arco-Íris,0.220283176,0.548228949,0.777774918,0,0,0,0.166666667,0.52828839,0.368174603,0.281066898,0.399145453,0.06779201
Arealva,0.428447593,0.623330429,0.782310946,0,0.000222822,0,0,0.444510935,0.265079365,0.339624603,0.427368851,0.06779201
Areias,0.245202282,0.458186412,0.784071092,0,0.000187639,0,0,0.371547216,0.440238095,0.300610341,0.230160134,0.06779201
Areiópolis,0.184772203,0.591752003,0.76622197,0,0.000246277,0,0.083333333,0.464441372,0.290238095,0.353031988,0.471525711,0.06779201
Ariranha,0.256584751,0.653303461,0.803786187,0.428571429,0.0000235,0,0,0.606987443,0.310079365,0.417825386,0.3389481,0.06779201
Artur Nogueira,0.232852057,0.667497923,0.811312613,0.857142857,0.021883429,0.001000801,0.166666667,0.755310556,0.505793651,0.38722557,0.501353164,0.112181058
Arujá,0.205806575,0.66958594,0.855753586,0,0.006027911,0.004603683,0.333333333,0.681752569,0.577698413,0.357396054,0.531011395,0.130414823
Aspásia,0.441510638,0.60200198,0.797960185,0,0.0000117,0,0.166666667,0.37813698,0.464047619,0.358500409,0.455808979,0.06779201
Assis,0.317428362,0.703043808,0.876288116,0,0.006860561,0,0.333333333,0.645054237,0.262857143,0.40913321,0.502182451,0.06779201
Atibaia,0.342938438,0.719580764,0.825367266,0.714285714,0.009206051,0.003202562,0.333333333,0.800515436,0.142857143,0.361382532,0.530913345,0.1585572
Auriflama,0.411380219,0.679330745,0.821902602,0.428571429,0.000199367,0.00040032,0,0.513350262,0.317301587,0.403337077,0.472998774,0.06779201
Avaí,0.245674394,0.516555497,0.80192346,0,0.0000117,0,0,0.457416805,0.115238095,0.289182051,0.399640249,0.06779201
Avanhandava,0.264844198,0.590977161,0.77571434,0,0,0,0.083333333,0.373164971,0.184047619,0.34417107,0.316824793,0.06779201
Avaré,0.295991089,0.67028615,0.809741716,0,0.006426645,0.002602082,0.166666667,0.521281342,0.548730159,0.398995665,0.504064895,0.108165105
Bady Bassitt,0.331006243,0.670419011,0.84717522,0,0.000562918,0,0,0.655807471,0.436984127,0.409001768,0.491902322,0.06779201
Balbinos,0.078106887,0.573765283,0.719930745,0,0,0,0,0.496726318,0.101269841,0.262145408,0.375607503,0.06779201
Bálsamo,0.424774646,0.678721273,0.80102741,0,0.0000117,0,0,0.230532989,0.449365079,0.418639762,0.488661129,0.06779201
Bananal,0.282983223,0.55691992,0.748205689,0,0.000269731,0.001401121,0.083333333,0.640942905,0.471269841,0.324930536,0.481786336,0.06779201
Barão de Antonina,0.237767567,0.542761917,0.782131192,0,0.0000586,0,0,0.802049128,0.337142857,0.332624322,0.339784048,0.06779201
Barbosa,0.227531341,0.564199172,0.767156468,0,0,0,0.083333333,0.624642681,0.117301587,0.33118004,0.392316652,0.06779201
Bariri,0.250478993,0.659476203,0.805875648,0,0.002591767,0.007205765,0.416666667,0.474019241,0.523888889,0.416004775,0.496721795,0.111813801
Barra Bonita,0.311303054,0.700480674,0.852046465,0,0.004069427,0,0.416666667,0.660601678,0.543015873,0.42251693,0.434283157,0.06779201
Barra do Chapéu,0.261055121,0.400090281,0.696256989,0,0.000152457,0,0.166666667,0.638502591,0.227301587,0.193531523,0.348671682,0.06779201
Barra do Turvo,0.15992084,0.4115005,0.658045446,0,0.0000586,0,0.166666667,0.442160998,0.293174603,0.213369921,0.470330922,0.06779201
Barretos,0.309281218,0.692015283,0.8538626,1,0.009241234,0.003002402,0.083333333,0.902066849,0.53047619,0.42156602,0.496792047,0.120771096
Barrinha,0.186486478,0.622697564,0.762008756,0,0.000117275,0.00040032,0,0.633327479,0.451111111,0.35635793,0.476347827,0.06779201
Barueri,0.358623781,0.720689415,0.856511487,0,0.029447637,0.045836669,1,0.879862284,0.628809524,0.455273548,0.815876799,0.309057029
Bastos,0.254356573,0.606772129,0.822497345,0,0.000750557,0.001401121,0,0.704313322,0.484761905,0.368794737,0.409154176,0.06779201
Batatais,0.306934359,0.692399481,0.811179059,0,0.003236777,0.002401922,0.166666667,0.707361934,0.512698413,0.407590674,0.496015737,0.114588975
Bauru,0.327615836,0.750495457,0.851187302,1,0.031851765,0.016413131,0,0.898624677,0.718968254,0.428964103,0.593027329,0.141698442
Bebedouro,0.27699184,0.67810171,0.833394288,0.857142857,0.00829131,0.000800641,0,0.770249879,0.662222222,0.41815711,0.493271037,0.098514157
Bento de Abreu,0.236846468,0.62176664,0.82983103,0,0,0,0.083333333,0.249128701,0.433333333,0.443187851,0.158479869,0.06779201
Bernardino de Campos,0.400411997,0.620878855,0.780371898,0,0.000293186,0.00040032,0.166666667,0.35977777,0.622857143,0.381791224,0.473196596,0.06779201
Bertioga,0.286741803,0.628375155,0.790235538,0,0.013990853,0.00020016,0,0.656070083,0.493253968,0.342093563,0.470352655,0.06779201
Bilac,0.318805499,0.675706694,0.833321242,0,0.000187639,0,0.083333333,0.680181069,0.348888889,0.43477649,0.484743191,0.06779201
Birigui,0.30621236,0.669641937,0.851478157,0,0.006743286,0.00020016,0.083333333,0.783745561,0.426666667,0.431633345,0.532564908,0.133013284
Biritiba Mirim,0.213954677,0.583152082,0.751205729,0,0.000281459,0,0.166666667,0.324809301,0.417301587,0.286109895,0.461143166,0.06779201
Boa Esperança do Sul,0.225278669,0.572341451,0.694782418,0,0.0000586,0,0,0.251284661,0.450714286,0.349756971,0.419567344,0.06779201
Bocaina,0.269105504,0.67388477,0.783164328,0.571428571,0.000809194,0.00020016,0.416666667,0.564998384,0.497142857,0.415809994,0.479934812,0.06779201
Bofete,0.273506285,0.582776571,0.745129859,0,0.000164184,0,0,0.576477739,0.480079365,0.29339109,0.469863923,0.06779201
Boituva,0.284302323,0.676941193,0.846770983,0.714285714,0.003576873,0.00040032,0.083333333,0.758518761,0.477857143,0.393280695,0.509316376,0.119701933
Bom Jesus dos Perdões,0.249685265,0.625337746,0.796427831,0,0.001594934,0,0,0.849561848,0.126984127,0.346731634,0.499082564,0.106584242
Bom Sucesso de Itararé,0.19572274,0.424677075,0.725700611,0,0.0000586,0,0,0.351163271,0.335238095,0.271129346,0.46561848,0.06779201
Borá,0.597466598,0.629178613,0.808379433,0.428571429,0.0000352,0,0.083333333,0.358955852,0.556269841,0.459726486,0.076972918,0.06779201
Boracéia,0.286809435,0.644405895,0.81915565,0.571428571,0,0,0.416666667,0.598176532,0.398333333,0.38306693,0.468284517,0.06779201
Borborema,0.441085844,0.61704478,0.765867869,0,0.000340096,0,0.083333333,0.386196439,0.564206349,0.405683339,0.480924314,0.06779201
Borebi,0.228547915,0.56894415,0.7684245,0,0.0000117,0,0.083333333,0.409836485,0.313174603,0.27218334,0.436913725,0.06779201
Botucatu,0.307035787,0.733909994,0.850784866,0.571428571,0.011258356,0.005204163,0.666666667,0.390053678,0.629444444,0.420567051,0.524649502,0.115184137
Bragança Paulista,0.295112726,0.704888646,0.837937992,0,0.015738243,0.014011209,0.166666667,0.800790789,0.392698413,0.399672669,0.549115359,0.173067596
Braúna,0.320087427,0.65181259,0.777406356,0.571428571,0.0000586,0,0.083333333,0.534664378,0.399047619,0.367841276,0.471640439,0.06779201
Brejo Alegre,0.378866612,0.624509353,0.774858561,0.571428571,0.0000235,0,0.083333333,0.606065917,0.327857143,0.33852625,0.266600188,0.06779201
Brodowski,0.33958399,0.653401188,0.768735999,0,0.001548024,0,0.083333333,0.658613786,0.125079365,0.411349593,0.491360018,0.06779201
Brotas,0.376809044,0.639601111,0.789995244,0.714285714,0.001360385,0,0.416666667,0.803308969,0.450793651,0.404814011,0.497160698,0.081110255
Buri,0.294056058,0.467783068,0.749240244,0.428571429,0.000222822,0,0.083333333,0.539122868,0.422301587,0.285877757,0.475365401,0.06779201
Buritama,0.412547857,0.646415044,0.804895004,0,0.000574645,0,0.083333333,0.771556762,0.323888889,0.384396938,0.431801594,0.06779201
Buritizal,0.329094274,0.65206749,0.822742396,0,0.000105547,0,0.083333333,0.752363718,0.455238095,0.427696987,0.210860551,0.06779201
Cabrália Paulista,0.388958242,0.560962968,0.749016009,0,0.000105547,0,0,0.427749422,0.446269841,0.378709458,0.458083324,0.06779201
Cabreúva,0.217158341,0.624844876,0.795500178,0,0.002638677,0,0.166666667,0.813633982,0.435952381,0.369521542,0.500044152,0.166700014
Caçapava,0.191237841,0.666241018,0.855437371,0.571428571,0.003154685,0.001000801,0.166666667,0.417533469,0.654761905,0.381323556,0.523440056,0.108914301
Cachoeira Paulista,0.213956651,0.623049594,0.856164615,0.571428571,0.003483054,0.001000801,0,0.235910198,0.378015873,0.37682227,0.478458924,0.06779201
Caconde,0.665982369,0.579005948,0.750705328,0,0.000973379,0,0.083333333,0.507721806,0.496269841,0.324331658,0.471153224,0.06779201
Cafelândia,0.331235121,0.613154317,0.771415872,0,0.000129002,0,0.166666667,0.665945429,0.398174603,0.360090511,0.488292776,0.06779201
Caiabu,0.201861562,0.586456893,0.801219396,0,0.0000117,0,0.25,0.515733436,0.274047619,0.352859943,0.461381629,0.06779201
Caieiras,0.194953667,0.648400165,0.849381904,0,0.003799695,0,0.666666667,0.789480159,0.513730159,0.390465691,0.522990241,0.127051004
Caiuá,0.408931378,0.518845267,0.758821524,1,0.0000235,0,0,0.479043539,0.479206349,0.26330794,0.275886085,0.06779201
Cajamar,0.247900277,0.603102831,0.796252576,1,0.000926469,0.00040032,0.25,0.796054848,0.410952381,0.368895875,0.561935353,0.181028422
Cajati,0.212559993,0.507289521,0.760190937,0,0.000703647,0.00060048,0.166666667,0.854125944,0.476984127,0.284063541,0.471858064,0.06779201
Cajobi,0.325040878,0.632185107,0.817832067,0,0.000199367,0,0,0.384662397,0.349047619,0.3920802,0.466038476,0.06779201
Cajuru,0.365325215,0.59926173,0.769999726,0,0.001606661,0,0.083333333,0.477307379,0.517142857,0.350637326,0.488321999,0.124201421
Campina do Monte Alegre,0.342380559,0.55290975,0.76753403,0.428571429,0.0000352,0,0,0.389263377,0.297301587,0.321521519,0.45790643,0.06779201
Campinas,0.316158937,0.812267072,0.85155268,0.857142857,0.067045854,0.055444355,0.083333333,0.801573722,0.748333333,0.490947735,0.872744433,0.340546287
Campo Limpo Paulista,0.188866463,0.64926891,0.851472488,0,0.001688753,0,0.083333333,0.692226979,0.277142857,0.365753974,0.476236222,0.096721787
Campos do Jordão,0.380269493,0.674863067,0.791212334,0,0.00640319,0.001401121,0.083333333,0.724226032,0.178730159,0.346849938,0.487585202,0.06779201
Campos Novos Paulista,0.300824897,0.549047568,0.762038067,0,0.0000704,0,0.083333333,0.177509578,0.261269841,0.370546103,0.458249098,0.06779201
Cananéia,0.308973813,0.525760938,0.792911362,0,0.000129002,0,0.333333333,0.446631562,0.427142857,0.296762014,0.482610659,0.06779201
Canas,0.230596382,0.492698405,0.794606546,0,0.000527735,0,0,0.445231439,0.361428571,0.320395512,0.436540732,0.06779201
Cândido Mota,0.239525653,0.602178075,0.805190344,0,0.002920136,0,1,0.666973149,0.447857143,0.36163206,0.497574927,0.06779201
Cândido Rodrigues,0.364392045,0.677690939,0.850538887,0,0.0000469,0,0,0.539594478,0.492142857,0.435332975,0.452162239,0.06779201
Canitar,0.165131519,0.552723162,0.732611625,1,0.0000117,0,0,0.632169863,0.385079365,0.329151216,0.402839999,0.06779201
Capão Bonito,0.308660641,0.519311945,0.800905883,0,0.001688753,0,0.083333333,0.545414643,0.438015873,0.310779696,0.497598085,0.06779201
Capela do Alto,0.189203068,0.565680423,0.73427319,0,0.000281459,0,0.083333333,0.742100367,0.268888889,0.287324983,0.398553411,0.06779201
Capivari,0.222351214,0.667420397,0.800260343,0.428571429,0.002228216,0.001000801,0.416666667,0.65078584,0.471666667,0.391200699,0.515153472,0.090550873
Caraguatatuba,0.284419876,0.633222191,0.840615927,1,0.007036472,0.00040032,0,0.898308009,0.442698413,0.340116954,0.497837947,0.06779201
Carapicuíba,0.171216714,0.619352109,0.808033533,0.571428571,0.003858332,0.001801441,1,0.522810534,0.419444444,0.34948703,0.508454173,0.127037329
Cardoso,0.319755898,0.586590576,0.78124632,0,0.000152457,0.001200961,0.083333333,0.791676116,0.305079365,0.345138222,0.480076236,0.06779201
Casa Branca,0.304368624,0.627470995,0.797130396,0.571428571,0.003447871,0.003002402,0.166666667,0.657761433,0.444920635,0.38286271,0.49285975,0.06779201
Cássia dos Coqueiros,0.790740814,0.566912801,0.773263945,0,0.0000821,0,0,0.454605987,0.520079365,0.348609514,0.427211876,0.06779201
Castilho,0.213200146,0.546606859,0.80244446,0,0.0000469,0,0.083333333,0.630225358,0.360079365,0.30372829,0.364698735,0.06779201
Catanduva,0.289968649,0.702970518,0.853588262,0.714285714,0.010542981,0,0.083333333,0.704231673,0.562539683,0.436484991,0.519939496,0.144350894
Catiguá,0.249111763,0.661220769,0.790056862,0,0,0,0.083333333,0.371560523,0.284365079,0.414212671,0.438973775,0.06779201
Cedral,0.404209373,0.674716776,0.857434599,0.571428571,0.0000821,0.001801441,0,0.333226399,0.357301587,0.416765262,0.385122738,0.06779201
Cerqueira César,0.301745583,0.610231288,0.773626664,0,0.002193034,0.00060048,0.25,0.526962204,0.402301587,0.382893551,0.476688979,0.06779201
Cerquilho,0.267221356,0.697631968,0.874945556,0,0.000727102,0.002001601,0.083333333,0.771170798,0.155079365,0.430177168,0.50675457,0.107552901
Cesário Lange,0.261704839,0.62683992,0.760208547,0,0.00069192,0.00060048,0,0.646618528,0.465079365,0.3245145,0.495788808,0.085412341
Charqueada,0.240197938,0.638988485,0.802191028,0,0.000140729,0.000800641,0,0.510533321,0.418174603,0.39396293,0.497548853,0.06779201
Chavantes,0.279996973,0.622394622,0.77263333,0,0.000715375,0,0,0.19207124,0.513174603,0.416921986,0.478788452,0.06779201
Clementina,0.23548804,0.618576612,0.798075163,0,0.000117275,0,0.083333333,0.553862984,0.295079365,0.389940548,0.161586921,0.06779201
Colina,0.243639146,0.628985912,0.821574489,0,0.001571479,0.00040032,0.083333333,0.648855804,0.494603175,0.403488013,0.444451201,0.119323621
Colômbia,0.376819667,0.592782733,0.803176161,0.714285714,0.0000235,0,0,0.391322314,0.394047619,0.359129196,0.311846298,0.06779201
Conchal,0.172351897,0.590884841,0.773467785,0,0.000809194,0,0.25,0.722030286,0.359047619,0.360318076,0.482330157,0.06779201
Conchas,0.289470075,0.634124049,0.772725392,0.428571429,0.000222822,0.00020016,0,0.680261489,0.206111111,0.371412763,0.473760634,0.06779201
Cordeirópolis,0.272644358,0.68024222,0.809118979,0.285714286,0.002392401,0,0.083333333,0.738406377,0.553015873,0.422687486,0.458368258,0.117391044
Coroados,0.321983931,0.617893682,0.780403721,0,0.000105547,0,0.083333333,0.664356133,0.269365079,0.385300258,0.483389703,0.06779201
Coronel Macedo,0.234919143,0.506250334,0.747606026,0,0.0000586,0,0.916666667,0.67038183,0.433174603,0.326779018,0.456207242,0.06779201
Corumbataí,0.30396927,0.632278167,0.817504351,0.571428571,0.000129002,0,0.166666667,0.693656898,0.526984127,0.41095906,0.434012672,0.06779201
Cosmópolis,0.1532967,0.670186118,0.841664034,0,0.004620617,0,0.416666667,0.566801029,0.321984127,0.387525958,0.493263184,0.108574225
Cosmorama,0.330277914,0.617367747,0.768092735,0,0.0000352,0,0.083333333,0.540561396,0.450079365,0.368862649,0.381708604,0.08133108
Cotia,0.275589141,0.723992578,0.822616561,0.857142857,0.013768031,0.005004003,1,0.72858111,0.440793651,0.365857619,0.609462533,0.238152469
Cravinhos,0.328804527,0.661025286,0.802787736,0,0.001301747,0.00020016,0.25,0.551759977,0.385079365,0.403357136,0.514102012,0.132214282
Cristais Paulista,0.499746122,0.625232145,0.78829707,0,0.000234549,0.00020016,0,0.413151786,0.497142857,0.361245282,0.409470977,0.06779201
Cruzália,0.391055661,0.58315566,0.833311606,0,0.0000117,0,0.333333333,0.55755897,0.341984127,0.450939865,0.443099942,0.06779201
Cruzeiro,0.253369092,0.642081438,0.856340858,0.571428571,0.002931863,0,0,0.648981101,0.367698413,0.378987943,0.478054272,0.109390919
Cubatão,0.13822878,0.605857035,0.827253496,0.857142857,0.004913803,0.001801441,0.083333333,0.655431047,0.290793651,0.337145792,0.533836221,0.19154625
Cunha,0.318036472,0.501206658,0.712566939,0.714285714,0.000457371,0.001200961,0,0.450749555,0.386111111,0.256635645,0.460682142,0.06779201
Descalvado,0.332350431,0.647020219,0.815348418,0.571428571,0.002427583,0,0,0.342804355,0.277857143,0.40234343,0.49764063,0.100770606
Diadema,0.187524253,0.618552627,0.833847824,0,0.014131582,0.002802242,0.833333333,0.765833744,0.508412698,0.394089163,0.692452641,0.320602351
Dirce Reis,0.211002901,0.597967482,0.803746846,0,0,0,0.083333333,0.494865993,0.183174603,0.368230377,0.183921698,0.06779201
Divinolândia,0.796033577,0.621998087,0.749797717,0,0.000246277,0.00040032,0.083333333,0.235888898,0.418174603,0.366141589,0.470268549,0.06779201
Dobrada,0.228765191,0.597363852,0.786648486,0,0.0000938,0,0,0.566969661,0.360238095,0.355811413,0.471473654,0.06779201
Dois Córregos,0.367981042,0.627846449,0.76459253,0.571428571,0.001665298,0.001801441,0.416666667,0.470250712,0.491984127,0.374599762,0.49489212,0.06779201
Dolcinópolis,0.311057771,0.619641308,0.829943409,0.428571429,0.0000235,0,0.166666667,0.197957964,0.464047619,0.389016235,0.446356803,0.06779201
Dourado,0.340413684,0.64205307,0.804523286,0.428571429,0.000539463,0,0,0.43604023,0.187142857,0.388350479,0.441675489,0.06779201
Dracena,0.314439355,0.681550891,0.822129373,0,0.00451507,0.00020016,0.166666667,0.645019033,0.592857143,0.424264409,0.495151603,0.06779201
Duartina,0.341286266,0.62505358,0.801564652,0,0.000258004,0,0,0.429956837,0.401984127,0.393038906,0.487625038,0.06779201
Dumont,0.347540406,0.650960128,0.815461932,0.571428571,0.000105547,0,0.166666667,0.370267536,0.154047619,0.412765384,0.475760839,0.06779201
Echaporã,0.55314683,0.616155315,0.773018416,0,0.0000352,0,0.083333333,0.492458814,0.495238095,0.368609337,0.46919375,0.06779201
Eldorado,0.241658764,0.43282594,0.757836455,0,0.0000821,0,0.166666667,0.507786032,0.281269841,0.246463182,0.367633443,0.06779201
Elias Fausto,0.231303937,0.604937523,0.754367578,0,0.0000821,0,0.083333333,0.717873425,0.287142857,0.382015807,0.459741159,0.115709938
Elisiário,0.213099956,0.637609813,0.819543532,0,0.0000117,0,0,0.378345737,0.452142857,0.4057599,0.417572698,0.06779201
Embaúba,0.497937709,0.647151065,0.792520539,0.285714286,0,0,0,0.716539545,0.385238095,0.410275044,0.420518733,0.06779201
Embu das Artes,0.176537695,0.590326093,0.799254256,0.714285714,0.004350885,0.00060048,0.083333333,0.777938167,0.409603175,0.328872774,0.5457471,0.213854668
Embu-Guaçu,0.17544245,0.591846991,0.833237563,1,0.001008561,0,0,0.636479332,0.569920635,0.292324205,0.504570305,0.06779201
Emilianópolis,0.312712555,0.594818555,0.804361842,0,0.0000704,0,0,0.242600532,0.258174603,0.363828919,0.44872667,0.06779201
Engenheiro Coelho,0.222805399,0.619235569,0.787016006,0,0.0011962,0,0.25,0.713524242,0.425079365,0.355684819,0.476490949,0.093949761
Espírito Santo do Pinhal,0.260783414,0.725802362,0.824562692,0,0.004339158,0.001200961,0.083333333,0.787044564,0.419761905,0.407408673,0.494222128,0.124293717
Espírito Santo do Turvo,0.438758591,0.593240238,0.753735015,0,0,0,0.166666667,0.569580903,0.580079365,0.339681976,0.406815048,0.06779201
Estiva Gerbi,0.210021627,0.63948967,0.820329182,0.571428571,0.000234549,0,0.083333333,0.34917225,0.211269841,0.377858387,0.468956803,0.06779201
Estrela do Norte,0.159454186,0.604449561,0.820069302,0,0,0,0.083333333,0.334140597,0.291984127,0.412509717,0.329094123,0.06779201
Estrela d'Oeste,0.302291915,0.615979318,0.808308193,0.142857143,0.000375279,0,0.083333333,0.745754861,0.363174603,0.436568587,0.386211599,0.06779201
Euclides da Cunha Paulista,0.156648185,0.510099081,0.781438053,0,0.0000235,0,0.166666667,0.460666008,0.127142857,0.289346818,0.433035714,0.06779201
Fartura,0.375074607,0.59025345,0.806795871,0.714285714,0.001360385,0.00040032,0,0.737106452,0.624920635,0.372629665,0.444851693,0.06779201
Fernando Prestes,0.396832272,0.686409748,0.795482519,0,0.0000586,0,0.083333333,0.401353842,0.350079365,0.434427462,0.463126097,0.06779201
Fernandópolis,0.349616758,0.702001106,0.860965373,0.714285714,0.002427583,0,0.083333333,0.728286902,0.538888889,0.439430329,0.49432829,0.06779201
Fernão,0.305557367,0.573357357,0.79083782,0.571428571,0,0,0.083333333,0.567949796,0.461984127,0.259520808,0.445112989,0.06779201
Ferraz de Vasconcelos,0.145972625,0.577983642,0.812390044,0.714285714,0.003400962,0,0.833333333,0.284064643,0.334761905,0.316415023,0.538829166,0.100947596
Flora Rica,0.535407546,0.556300519,0.802645699,0,0.0000117,0,0,0.30420688,0.420952381,0.300850699,0.282147103,0.06779201
Floreal,0.383796557,0.630388163,0.82434929,0,0.0000704,0,0.083333333,0.259575755,0.503333333,0.39181139,0.444471119,0.06779201
Flórida Paulista,0.185836616,0.599625088,0.782867463,0,0.000164184,0.00020016,0.166666667,0.577641003,0.395952381,0.334649339,0.480126272,0.06779201
Florínea,0.316553215,0.520231209,0.791191802,0,0.0000117,0,1,0.253302582,0.179206349,0.336460751,0.359543049,0.06779201
Franca,0.319538865,0.67138818,0.843976479,0.857142857,0.013111294,0.016613291,0.083333333,0.76955729,0.593571429,0.42158717,0.549724054,0.147141424
Francisco Morato,0.12159532,0.540251007,0.769329004,0,0.00114929,0.003002402,0.5,0.701866723,0.354047619,0.282112944,0.481485319,0.06779201
Franco da Rocha,0.140414111,0.59420331,0.777859801,0,0.002509675,0,0.916666667,0.606897657,0.210793651,0.315025746,0.505780555,0.10542733
Gabriel Monteiro,0.478014797,0.65267428,0.858984017,0,0.0000469,0,0.083333333,0.503030037,0.242301587,0.386364733,0.316428046,0.06779201
Gália,0.276054591,0.584315567,0.740244776,0,0,0,0,0.437211944,0.442301587,0.35767568,0.459370603,0.06779201
Garça,0.290521979,0.633146812,0.827544053,0.714285714,0.001946757,0,0.083333333,0.696985783,0.521984127,0.372259223,0.511640873,0.097154593
Gastão Vidigal,0.379818191,0.649165052,0.772176198,0.571428571,0.0000235,0,0.083333333,0.388113619,0.329047619,0.362345064,0.409070187,0.06779201
Gavião Peixoto,0.249130859,0.575982624,0.788515493,0,0.0000469,0,0,0.76,0.447460317,0.504001506,0.236378283,0.089371252
General Salgado,0.418163247,0.658902724,0.80320342,0.571428571,0.000562918,0.000800641,0,0.342468435,0.327142857,0.421429405,0.482004375,0.06779201
Getulina,0.198104856,0.592408862,0.757551357,0,0.000398733,0,0.083333333,0.491218652,0.481111111,0.3328274,0.41941239,0.06779201
Glicério,0.434327381,0.637843633,0.789532552,0,0.000234549,0,0.083333333,0.508131385,0.256984127,0.33466912,0.432786042,0.06779201
Guaiçara,0.255135667,0.603513164,0.778293161,0,0.000105547,0,0.083333333,0.468298133,0.459365079,0.366645591,0.456699512,0.06779201
Guaimbê,0.325387209,0.570620475,0.761197627,0,0,0,0,0.544180545,0.427142857,0.327671166,0.425138684,0.06779201
Guaíra,0.386682815,0.68071365,0.79151937,0,0.002193034,0.001000801,0.166666667,0.824961892,0.538730159,0.406572161,0.462959285,0.06779201
Guapiaçu,0.273176859,0.643246709,0.796790822,0,0.000457371,0.00040032,0,0.73308058,0.342142857,0.365233339,0.459489672,0.104915203
Guapiara,0.342448498,0.401975548,0.728640269,0.714285714,0.000117275,0,0.083333333,0.596788552,0.340952381,0.229832164,0.458748741,0.06779201
Guará,0.294178513,0.59443867,0.759195036,0.571428571,0.000433916,0.00060048,0,0.566691438,0.518015873,0.374644001,0.485597334,0.06779201
Guaraçaí,0.389590152,0.589654308,0.789908169,0,0.000105547,0,0.083333333,0.305045256,0.391507937,0.369897204,0.478737405,0.06779201
Guaraci,0.182409177,0.597120355,0.795287976,0.571428571,0.000363551,0,0,0.559205638,0.314047619,0.341873326,0.393513165,0.06779201
Guarani d'Oeste,0.334708495,0.577533687,0.824789953,0,0,0,0.083333333,0.48519637,0.481984127,0.420352002,0.427541909,0.06779201
Guarantã,0.331662625,0.597105514,0.69592885,0,0.000164184,0,0,0.446019893,0.138174603,0.348115722,0.446492758,0.06779201
Guararapes,0.25487975,0.644317186,0.835758795,0,0.001020288,0.00060048,0.083333333,0.621446734,0.505952381,0.396130919,0.485468545,0.06779201
Guararema,0.265744209,0.632478244,0.808875945,0.428571429,0.000903014,0.00020016,0.5,0.740311786,0.489761905,0.323436266,0.508943202,0.079799658
Guaratinguetá,0.24689519,0.675376188,0.862492105,0.571428571,0.011915093,0.007005604,0.166666667,0.606824766,0.318888889,0.374318351,0.529689955,0.124337575
Guareí,0.21087888,0.600098009,0.720685702,0.571428571,0.00073883,0,0,0.587346814,0.190952381,0.274117836,0.463087893,0.06779201
Guariba,0.238543027,0.613357131,0.80345632,0.285714286,0.001759118,0.00040032,0.083333333,0.777342503,0.565793651,0.377447002,0.455941487,0.06779201
Guarujá,0.22939009,0.621771134,0.794475581,0.857142857,0.022880263,0.00040032,0.083333333,0.734815703,0.722222222,0.336087255,0.538760819,0.132423554
Guarulhos,0.213482286,0.647006541,0.836991854,0,0.03187522,0.008406725,0.333333333,0.787655072,0.5,0.400300005,0.867773934,0.212052818
Guatapará,0.255276083,0.608764995,0.778667451,0,0.0000821,0,0,0.277200098,0.422301587,0.363387461,0.459175009,0.06779201
Guzolândia,0.241357455,0.574107819,0.723582635,0,0.0000235,0.00040032,0.083333333,0.555936907,0.406269841,0.331595431,0.418191825,0.06779201
Herculândia,0.271942054,0.56044916,0.767464301,0,0.0000469,0,0.083333333,0.332306796,0.126984127,0.280051976,0.482215429,0.06779201
Holambra,0.345119861,0.784316766,0.829045967,0.142857143,0.001360385,0.00060048,0.25,0.848529648,0.499047619,0.441800358,0.436763501,0.073575676
Hortolândia,0.223520333,0.626528892,0.838700392,0.857142857,0.003447871,0.000800641,0.25,0.627446685,0.560793651,0.33666185,0.52722546,0.182655201
Iacanga,0.329038105,0.635413801,0.812971927,0.571428571,0.000304914,0.00020016,0,0.333840046,0.373015873,0.411233472,0.403029826,0.06779201
Iacri,0.231915578,0.602011446,0.769722833,0,0.0000586,0,0.083333333,0.454680711,0.556111111,0.3309347,0.466193637,0.06779201
Iaras,0.120284048,0.45403204,0.748162907,0,0.0000352,0,0,0.527754467,0.271269841,0.234405379,0.31664335,0.06779201
Ibaté,0.211340243,0.585083642,0.794990868,0.571428571,0.000668465,0,0,0.820890324,0.176269841,0.304335192,0.467049801,0.06779201
Ibirá,0.52017677,0.656858862,0.811430603,1,0.001254838,0,0,0.704541961,0.381269841,0.382682297,0.478996175,0.06779201
Ibirarema,0.313101622,0.586934405,0.734288575,0,0.0000821,0,0.416666667,0.73255003,0.430079365,0.358729859,0.478519872,0.06779201
Ibitinga,0.35928493,0.663801025,0.777032321,0.714285714,0.002157852,0.004003203,0,0.797805884,0.360079365,0.408218847,0.447031409,0.06779201
Ibiúna,0.197724533,0.582830426,0.717271231,0,0.005101442,0.001200961,0.083333333,0.59484959,0.268888889,0.258382702,0.495555101,0.06779201
Icém,0.287078502,0.620129567,0.801508519,0,0.000633283,0.00020016,0.083333333,0.48496613,0.415079365,0.374687465,0.460113555,0.06779201
Iepê,0.272149093,0.588404868,0.78949668,0,0.000293186,0,0.166666667,0.523108901,0.425079365,0.359091994,0.482156503,0.06779201
Igaraçu do Tietê,0.212027836,0.600687817,0.7566387,0,0.000797467,0,0.416666667,0.726905955,0.487301587,0.370558241,0.480496232,0.06779201
Igarapava,0.225875416,0.770548708,0.800273419,0.428571429,0.00064501,0.00060048,0.166666667,0.448370257,0.440238095,0.388324834,0.464871277,0.06779201
Igaratá,0.225187889,0.573274382,0.787706125,0.714285714,0.000316641,0,0.083333333,0.887879358,0.503174603,0.291227112,0.48098749,0.06779201
Iguape,0.234305804,0.507054694,0.782642074,0,0.000785739,0,0.25,0.384210675,0.470079365,0.293273981,0.487459769,0.06779201
Ilha Comprida,0.571099141,0.560153413,0.817154659,0,0.0000704,0,0.166666667,0.637945523,0.408888889,0.313596613,0.449729909,0.06779201
Ilha Solteira,0.256980447,0.731800066,0.885922168,0,0.00317814,0,0.416666667,0.755766958,0.480793651,0.441297497,0.491671946,0.06779201
Ilhabela,0.335071114,0.650784831,0.836638117,0.571428571,0.005054533,0.001401121,0,0.872414428,0.567857143,0.323314684,0.462985295,0.06779201
Indaiatuba,0.255965746,0.748171764,0.868912392,0,0.009428873,0.000800641,0.25,0.927693412,0.686507937,0.428619189,0.620879121,0.154511873
Indiana,0.26642376,0.622082969,0.820143984,0,0.0000235,0,0,0.532473856,0.546269841,0.359019784,0.472862015,0.06779201
Indiaporã,0.250408627,0.62082482,0.825782142,0,0.000129002,0,0.083333333,0.530033009,0.418174603,0.422116055,0.462495047,0.06779201
Inúbia Paulista,0.301472462,0.611889538,0.823957254,0.571428571,0.000152457,0,0.083333333,0.290536892,0.532857143,0.401440798,0.387177346,0.06779201
Ipaussu,0.259377225,0.616508647,0.795616829,0.714285714,0.000140729,0.00040032,0.166666667,0.606259277,0.585079365,0.394043634,0.439946482,0.06779201
Iperó,0.158784116,0.570183727,0.786867529,0,0.000856104,0.001000801,0.083333333,0.429836228,0.412301587,0.282649534,0.491235272,0.096583941
Ipeúna,0.24641154,0.652247234,0.802218014,0.571428571,0.000938196,0,0,0.590166573,0.509761905,0.405212714,0.474587873,0.111270234
Ipiguá,0.265292507,0.609192055,0.785581699,0,0.000129002,0,0,0.62071231,0.458174603,0.347498364,0.445900716,0.06779201
Iporanga,0.223410572,0.422832269,0.788764523,0,0.0000235,0,0.5,0.441484601,0.300238095,0.258090851,0.457072504,0.06779201
Ipuã,0.255670576,0.680648337,0.778402419,0,0.000140729,0.001801441,0,0.454951956,0.512142857,0.388860522,0.476286971,0.06779201
Iracemápolis,0.279416317,0.664284153,0.828766301,0.571428571,0.001137563,0,0.166666667,0.682379248,0.413650794,0.428087287,0.457406373,0.106029174
Irapuã,0.302523943,0.599914392,0.7761605,0,0.0000235,0,0.083333333,0.446154169,0.442857143,0.362657479,0.468740903,0.06779201
Irapuru,0.402079732,0.566024776,0.758934632,0,0.0000704,0,0.083333333,0.553368545,0.412142857,0.312401918,0.478442751,0.06779201
Itaberá,0.306810468,0.466795214,0.766239572,0,0.000363551,0.00040032,0,0.521304722,0.250079365,0.291958772,0.486433075,0.06779201
Itaí,0.224712466,0.573848639,0.738341767,0,0.000961651,0,0,0.79350326,0.416984127,0.307990148,0.478810482,0.06779201
Itajobi,0.555880502,0.653429312,0.768706226,0.714285714,0.000246277,0,0,0.5448065,0.374047619,0.398085019,0.484878732,0.076648586
Itaju,0.227369111,0.597754181,0.780278929,0.571428571,0.000117275,0,0.416666667,0.522881098,0.419206349,0.39189737,0.446394204,0.06779201
Itanhaém,0.239299599,0.587145479,0.821707516,0,0.013943943,0.000800641,0.083333333,0.751854065,0.298571429,0.304219565,0.489070511,0.06779201
Itaoca,0.331145675,0.391772634,0.749681451,0.285714286,0,0,0.166666667,0.564199097,0.286269841,0.259692836,0.420339312,0.06779201
Itapecerica da Serra,0.170910221,0.587087476,0.814396377,0.714285714,0.002720769,0.001000801,0,0.735674155,0.625634921,0.29883971,0.508492079,0.120761372
Itapetininga,0.240010193,0.620145029,0.814523125,0,0.008303037,0.004203363,0,0.60012228,0.332857143,0.367271257,0.523282278,0.139359699
Itapeva,0.301469216,0.560813008,0.809386156,0.857142857,0.004116336,0.002401922,0,0.791355202,0.386825397,0.307689144,0.519197555,0.077955794
Itapevi,0.152903976,0.570102912,0.771398806,0,0.001501114,0.002201761,1,0.672713059,0.206825397,0.317628336,0.537165953,0.157654153
Itapira,0.267781593,0.675782814,0.818538995,0.714285714,0.004151519,0.002401922,0.416666667,0.733928155,0.510634921,0.401585038,0.513565474,0.161889266
Itapirapuã Paulista,0.235578141,0.334949316,0.727839939,0,0.0000117,0,0.083333333,0.365687432,0.156111111,0.241394354,0.287348781,0.06779201
Itápolis,0.49228469,0.65673204,0.795172324,0,0.002064032,0.003402722,0,0.719810186,0.594047619,0.373701027,0.513059559,0.094733112
Itaporanga,0.271485835,0.523426875,0.738588808,0,0.000246277,0,0,0.536678509,0.369047619,0.335448276,0.479974649,0.06779201
Itapuí,0.238321421,0.636582189,0.769236946,0,0.000633283,0,0.416666667,0.370081927,0.310952381,0.351305843,0.439898766,0.06779201
Itapura,0.179092983,0.56269683,0.795579214,0,0,0,0.166666667,0.46144109,0.481984127,0.283311407,0.386811935,0.06779201
Itaquaquecetuba,0.139978627,0.539433406,0.772358123,0,0.002838044,0.002001601,0,0.366842699,0.567380952,0.29088279,0.592932415,0.178398715
Itararé,0.274729416,0.503529383,0.770147421,0,0.003905242,0,0.5,0.661689616,0.199206349,0.313428342,0.504777523,0.06779201
Itariri,0.141822618,0.453385549,0.759836972,0,0.000433916,0,0,0.182847032,0.212301587,0.231481382,0.459025913,0.06779201
Itatiba,0.232892345,0.740543385,0.848023858,0.714285714,0.005523631,0,0.166666667,0.781406223,0.591666667,0.431721802,0.564457764,0.148389549
Itatinga,0.252460024,0.57195982,0.770989378,0,0.000258004,0,0.166666667,0.650837993,0.450238095,0.337514688,0.478913288,0.06779201
Itirapina,0.220340838,0.639745566,0.78908358,0,0.000258004,0.00020016,0,0.651277081,0.486111111,0.349472591,0.432175299,0.06779201
Itirapuã,0.341823334,0.545408891,0.731146592,0,0.000187639,0,1,0.500355054,0.428174603,0.321049683,0.434518587,0.06779201
Itobi,0.338102847,0.603696578,0.711826435,0,0.0000821,0,0.166666667,0.248064201,0.404047619,0.373018808,0.486183402,0.06779201
Itu,0.266627936,0.723753068,0.821203513,0,0.012419374,0.002602082,0.25,0.543152108,0.434920635,0.422044892,0.586643509,0.184364143
Itupeva,0.238382511,0.670268046,0.830203243,0,0.002087487,0,0.083333333,0.597994255,0.477857143,0.390629792,0.557814863,0.201023882
Ituverava,0.251593112,0.699569914,0.801339974,0.428571429,0.002779407,0.00040032,0.083333333,0.589985143,0.489920635,0.382701292,0.495512051,0.06779201
Jaborandi,0.276252374,0.587536753,0.790948197,0.428571429,0.000117275,0,0,0.511318441,0.330079365,0.355122873,0.449383198,0.06779201
Jaboticabal,0.280950354,0.711835378,0.817343579,0,0.009335053,0.000800641,0.166666667,0.598178485,0.494761905,0.430370074,0.51590906,0.103041647
Jacareí,0.189122932,0.662089197,0.858084029,0,0.007798757,0.010408327,0.083333333,0.584556597,0.526111111,0.378575167,0.558142874,0.154899743
Jaci,0.261532753,0.61591865,0.793866261,0,0.000387006,0,0,0.319298151,0.199206349,0.409298936,0.405939471,0.06779201
Jacupiranga,0.227901674,0.520933645,0.787454756,0,0.000387006,0,0.333333333,0.563323742,0.402142857,0.301649326,0.470686523,0.06779201
Jaguariúna,0.318650301,0.727563773,0.886229311,0.857142857,0.000856104,0,0.333333333,0.728957612,0.480634921,0.447924558,0.526591261,0.136710953
Jales,0.327823098,0.672106178,0.845304997,0.714285714,0.002005395,0.002001601,0.25,0.455965129,0.479047619,0.416880165,0.506738008,0.090126052
Jambeiro,0.225937908,0.63384966,0.812096373,0,0.000668465,0,0.583333333,0.596750216,0.494206349,0.384958234,0.453483174,0.113922813
Jandira,0.173923718,0.650718702,0.806779992,0,0.002791134,0.001000801,1,0.58602459,0.488730159,0.389042505,0.528060008,0.089161405
Jardinópolis,0.308610072,0.634551378,0.765528196,1,0.000996834,0.002201761,0.083333333,0.753701408,0.436269841,0.368573282,0.509619648,0.088406663
Jarinu,0.231877071,0.640317034,0.790721179,0,0.000539463,0,0.083333333,0.74697581,0.345079365,0.333301872,0.506627414,0.108044378
Jaú,0.258938182,0.703905558,0.81326219,0.571428571,0.008994957,0.008606886,0.416666667,0.813014188,0.603730159,0.424727987,0.527675184,0.143149875
Jeriquara,0.404528412,0.565049871,0.774348917,0,0.0000352,0,0.083333333,0.539547506,0.554920635,0.345225886,0.425058324,0.06779201
Joanópolis,0.303810242,0.602470159,0.772138351,0,0.000527735,0,0,0.701074334,0.415952381,0.333536342,0.478665637,0.06779201
João Ramalho,0.242120999,0.590863749,0.787204796,0,0.0000235,0.00020016,0.25,0.447880543,0.340238095,0.384040661,0.454391305,0.06779201
José Bonifácio,0.359582311,0.689435928,0.821211299,0,0.001137563,0.001401121,0.083333333,0.571017062,0.545079365,0.395672014,0.482963137,0.11596061
Júlio Mesquita,0.260299158,0.527875405,0.784417555,0,0.000187639,0,0,0.32368974,0.339365079,0.3041921,0.427218446,0.06779201
Jumirim,0.255559263,0.635630963,0.806560386,0,0.0000704,0,0.083333333,0.670515058,0.507301587,0.419022757,0.460794848,0.06779201
Jundiaí,0.290366633,0.830928706,0.87764999,0,0.021121145,0.005004003,0.416666667,0.803729839,0.536507937,0.476627198,0.682582102,0.34526943
Junqueirópolis,0.444514345,0.640620947,0.824983283,0,0.000867832,0.002201761,0.166666667,0.709160624,0.330079365,0.376174927,0.428161334,0.06779201
Juquiá,0.226093418,0.479294807,0.758816921,0,0.000117275,0,0.25,0.48071171,0.393888889,0.276299734,0.477641975,0.06779201
Juquitiba,0.209270771,0.5531478,0.798552732,0,0.000574645,0,0,0.383358346,0.447857143,0.246483978,0.476769339,0.06779201
Lagoinha,0.48483302,0.564768487,0.768273613,0,0.000586373,0.001000801,0.166666667,0.529109671,0.520079365,0.298183829,0.44158169,0.06779201
Laranjal Paulista,0.287680292,0.650837957,0.772070301,0,0.00073883,0.001000801,0.083333333,0.516047436,0.514047619,0.405354857,0.466753009,0.099502868
Lavínia,0.15848244,0.60388851,0.806552979,0,0.000117275,0,0.166666667,0.719259181,0.373174603,0.244930955,0.442723411,0.06779201
Lavrinhas,0.176092576,0.475677196,0.781609326,0,0.0000821,0,0,0.462742911,0.520079365,0.302008071,0.448026678,0.06779201
Leme,0.255299069,0.634472544,0.793242801,0.857142857,0.006110004,0.004403523,0.083333333,0.636653042,0.450793651,0.369814236,0.515200682,0.114182119
Lençóis Paulista,0.248586755,0.667543752,0.845658289,0,0.008948047,0,0.166666667,0.85680662,0.476349206,0.400804792,0.514007202,0.116043031
Limeira,0.309268675,0.688464066,0.838347061,0.714285714,0.014835229,0.005804644,0.333333333,0.81342934,0.589920635,0.423007326,0.626284571,0.210916818
Lindóia,0.295541018,0.647259581,0.79257255,0,0.000856104,0,0.25,0.698325074,0.363333333,0.387478679,0.473030615,0.06779201
Lins,0.292083452,0.692982943,0.850415443,0,0.008725226,0.003202562,0,0.73998713,0.568571429,0.431316468,0.507133926,0.134818197
Lorena,0.248020446,0.621796974,0.852620258,0,0.005640905,0.002401922,0.083333333,0.668962491,0.470952381,0.370721811,0.517722976,0.14417977
Lourdes,0.418128662,0.593605022,0.815164598,0,0.0000235,0,0,0.427954553,0.484047619,0.385903032,0.434147616,0.06779201
Louveira,0.19664057,0.73822311,0.853319978,0.714285714,0.000961651,0,0.25,0.785484005,0.335952381,0.42069848,0.506832701,0.097509605
Lucélia,0.276497041,0.64001367,0.845050455,0,0.000949924,0.00040032,0.083333333,0.574894859,0.376111111,0.380442588,0.33896811,0.06779201
Lucianópolis,0.370121438,0.658836607,0.788557014,0.571428571,0.000246277,0,0,0.591582019,0.451269841,0.415445558,0.306795944,0.06779201
Luís Antônio,0.265929934,0.614067223,0.810361068,0,0.0000117,0,0.083333333,0.313648375,0.241111111,0.390511729,0.433918043,0.135816349
Luiziânia,0.242752048,0.604439246,0.7389303,0,0.0000352,0,0.166666667,0.400139927,0.180079365,0.319062678,0.468044953,0.06779201
Lupércio,0.222392933,0.581892739,0.782258082,0,0.0000117,0,0.083333333,0.391546717,0.373650794,0.388288136,0.442726444,0.06779201
Lutécia,0.414471121,0.555178322,0.800289445,0,0,0,0.166666667,0.485228079,0.196269841,0.364691321,0.388082535,0.06779201
Macatuba,0.229877626,0.694619942,0.817558433,0,0.000820922,0.00020016,0,0.681811363,0.386984127,0.415211455,0.449950268,0.06779201
Macaubal,0.29140342,0.638758546,0.752117035,0,0.000211094,0.00040032,0,0.639032219,0.404365079,0.393695488,0.364611299,0.06779201
Macedônia,0.599891808,0.615812846,0.815687654,0.571428571,0.0000235,0,0.083333333,0.683387734,0.394365079,0.357145737,0.412443798,0.06779201
Magda,0.345197797,0.634326743,0.788535934,0,0.0000235,0,0,0.476492277,0.277142857,0.360102124,0.384684159,0.06779201
Mairinque,0.205451402,0.622756348,0.829895604,0.428571429,0.003365779,0,0,0.395622287,0.304206349,0.370511626,0.501325068,0.132918756
Mairiporã,0.205537367,0.681141013,0.83847099,0.571428571,0.00953442,0.00040032,0.5,0.655756325,0.499047619,0.303766673,0.497363277,0.099840774
Manduri,0.523473346,0.651071891,0.780705788,0,0.0000586,0,0,0.681603949,0.450079365,0.373471955,0.482216647,0.06779201
Marabá Paulista,0.124943253,0.540084535,0.751402558,0,0,0,0,0.32,0.325079365,0.242205212,0.33107533,0.06779201
Maracaí,0.432005533,0.624750039,0.830283999,0,0.000234549,0,0.333333333,0.770867748,0.175952381,0.380706625,0.459762801,0.06779201
Marapoama,0.557027616,0.649662551,0.757678108,0,0.0000235,0,0,0.506957937,0.420079365,0.472223753,0.350459317,0.06779201
Mariápolis,0.258594191,0.590275996,0.805089781,0,0.0000235,0,0.083333333,0.20595662,0.373015873,0.324596335,0.370687843,0.06779201
Marília,0.286814283,0.694310951,0.879845161,0.714285714,0.011058989,0.008406725,0,0.779842965,0.611111111,0.45243327,0.538310615,0.160089454
Marinópolis,0.15398215,0.594297025,0.82149552,0,0.0000117,0,0.083333333,0.448932635,0.350238095,0.419294569,0.371640035,0.06779201
Martinópolis,0.234396229,0.591750512,0.786386962,0,0.000914741,0.00020016,0.083333333,0.600162534,0.474920635,0.323824672,0.480858105,0.06779201
Matão,0.268006342,0.694152384,0.836883314,0,0.002943591,0.002201761,0,0.75598547,0.413888889,0.420920577,0.497007209,0.115763608
Mauá,0.134890727,0.623790006,0.848625795,0,0.004714436,0.002401922,1,0.545467136,0.612698413,0.373069258,0.618244924,0.203788808
Mendonça,0.353212649,0.637937671,0.81557406,0,0.000445643,0,0,0.300459332,0.436428571,0.355384599,0.378906106,0.06779201
Meridiano,0.514064068,0.631614974,0.808570606,0,0.0000235,0,0.166666667,0.448082384,0.195079365,0.439679425,0.244958834,0.06779201
Mesópolis,0.230571825,0.567962405,0.793736477,0.428571429,0,0,0.083333333,0.524690843,0.347142857,0.300259874,0.427505014,0.06779201
Miguelópolis,0.217701951,0.613096383,0.746317672,0.571428571,0.000574645,0.001601281,0.083333333,0.658950003,0.341825397,0.350790848,0.481230087,0.06779201
Mineiros do Tietê,0.325992601,0.637954696,0.778257565,1,0.000445643,0,0.416666667,0.726006336,0.359047619,0.390156322,0.482606823,0.06779201
Mira Estrela,0.411235411,0.57347526,0.822920766,0.142857143,0.0000586,0,0.083333333,0.511423467,0.470396825,0.317165046,0.461136,0.06779201
Miracatu,0.254768736,0.461341417,0.771018409,0.714285714,0.000433916,0,0.166666667,0.30060763,0.415079365,0.255635802,0.474018898,0.06779201
Mirandópolis,0.228675975,0.641623758,0.784347918,0,0.000926469,0,0.083333333,0.422042085,0.338333333,0.355646182,0.474472251,0.06779201
Mirante do Paranapanema,0.205534961,0.503059619,0.78747265,0,0.001137563,0.001000801,0,0.57367053,0.274047619,0.286009805,0.328605185,0.06779201
Mirassol,0.278604501,0.676007859,0.814954053,0,0.007271021,0.006204964,0.083333333,0.823094407,0.345079365,0.416006919,0.497231961,0.10091014
Mirassolândia,0.281049351,0.605712016,0.778307903,0,0.0000235,0,0,0.507769984,0.488174603,0.336687799,0.460451675,0.06779201
Mococa,0.267985325,0.677682598,0.839037723,0.714285714,0.004198429,0.004003203,0.083333333,0.429382732,0.579047619,0.409425691,0.522654351,0.101990534
Mogi das Cruzes,0.236636787,0.665754516,0.853505652,0,0.030268559,0.008006405,0.166666667,0.798989488,0.602063492,0.363273917,0.592673645,0.156369191
Mogi Guaçu,0.228176844,0.66253888,0.835502666,0,0.005945819,0.004403523,0.166666667,0.547160029,0.626666667,0.397588715,0.523692761,0.15128785
Mogi Mirim,0.286867838,0.693955389,0.839867614,0,0.004339158,0.002802242,0.166666667,0.759822366,0.463571429,0.420944853,0.540822503,0.140036454
Mombuca,0.250515121,0.626375199,0.784988862,0,0.0000117,0,0.166666667,0.345813396,0.391428571,0.342369563,0.445704319,0.06779201
Monções,0.634087956,0.64506682,0.841164497,0,0.0000117,0,0.083333333,0.460335282,0.347142857,0.407686094,0.266541055,0.06779201
Mongaguá,0.248716458,0.593097966,0.819899048,0.714285714,0.001688753,0,0.083333333,0.845683308,0.281666667,0.306698625,0.482407692,0.06779201
Monte Alegre do Sul,0.367958567,0.68002116,0.834137989,1,0.0000821,0,0.333333333,0.410244232,0.200079365,0.400482723,0.484679509,0.06779201
Monte Alto,0.366668978,0.67588142,0.827904642,0,0.001489387,0.002401922,0,0.703667959,0.468888889,0.421294437,0.504425343,0.128378313
Monte Aprazível,0.37578647,0.73096926,0.830032855,0.428571429,0.001090653,0.00040032,0,0.523971354,0.359206349,0.423104019,0.487345041,0.093904267
Monte Azul Paulista,0.298969293,0.658172261,0.8023784,0,0.000891287,0,0.083333333,0.735539694,0.436111111,0.388154954,0.453781871,0.06779201
Monte Castelo,0.210861734,0.614142663,0.803041353,0,0.0000352,0,0.083333333,0.56104691,0.229206349,0.337533936,0.44519668,0.06779201
Monte Mor,0.225077141,0.606591795,0.812062769,0,0.001430749,0.001200961,0.25,0.464113405,0.474920635,0.320848154,0.515222298,0.122830992
Monteiro Lobato,0.386769989,0.551179784,0.776507502,0,0.0000586,0,0.25,0.548338094,0.537142857,0.325747448,0.47522329,0.06779201
Morro Agudo,0.291547991,0.620526508,0.761596679,0,0.002896681,0.003202562,0.083333333,0.680914863,0.335238095,0.390063022,0.387820318,0.06779201
Morungaba,0.296058211,0.624346532,0.768805049,1,0.000269731,0,0.416666667,0.511408165,0.509920635,0.410273641,0.42559183,0.06779201
Motuca,0.217191031,0.525535976,0.805737514,0,0.0000117,0,0,0.619056995,0.520238095,0.386464108,0.454138094,0.06779201
Murutinga do Sul,0.278209352,0.598615041,0.800954091,0.285714286,0.0000235,0,0.166666667,0.57275236,0.470079365,0.355802942,0.434604001,0.06779201
Nantes,0.277112443,0.563522748,0.815281578,0,0,0,0.25,0.499780389,0.272142857,0.360405946,0.443238424,0.06779201
Narandiba,0.218233886,0.565253936,0.779305432,0.571428571,0.0000352,0,0.25,0.5792893,0.419920635,0.341690572,0.304553738,0.06779201
Natividade da Serra,0.398484419,0.465766918,0.694201629,0,0.000281459,0,0.166666667,0.423771339,0.436269841,0.289585603,0.457045717,0.06779201
Nazaré Paulista,0.196321569,0.555284003,0.736102251,0.571428571,0.000656737,0,0,0.729439474,0.460952381,0.239476197,0.491359396,0.06779201
Neves Paulista,0.317093837,0.668125764,0.828963189,0,0.000269731,0,0,0.541624865,0.327142857,0.375149795,0.469940033,0.06779201
Nhandeara,0.508676338,0.677656732,0.780359612,0,0.000750557,0,0,0.667686752,0.346984127,0.394452046,0.490667606,0.06779201
Nipoã,0.244767818,0.603968866,0.788398558,0,0.0000117,0,0,0.447392286,0.481269841,0.423263044,0.450576471,0.06779201
Nova Aliança,0.259984219,0.630550533,0.75428641,0,0.0000235,0,0,0.567614448,0.311269841,0.334761544,0.37591833,0.06779201
Nova Campina,0.153825525,0.381117679,0.745676921,0,0.0000352,0,0.416666667,0.630251631,0.314365079,0.231913962,0.438781305,0.06779201
Nova Canaã Paulista,0.243974437,0.571228879,0.788448535,0,0.0000235,0,0.083333333,0.554360583,0.453333333,0.277449759,0.369011903,0.06779201
Nova Castilho,0.811601659,0.591957178,0.835727751,0,0,0,0,0.360824408,0.340238095,0.271862244,0.369551176,0.06779201
Nova Europa,0.240354669,0.63421481,0.803000389,0,0.0000821,0,0,0.565552516,0.42952381,0.393093286,0.151295972,0.06779201
Nova Granada,0.272277468,0.638241847,0.796494486,0,0.000375279,0,0,0.609300394,0.121269841,0.392587516,0.480995071,0.06779201
Nova Guataporanga,0.229764227,0.612555956,0.816169756,0,0.0000117,0,0.083333333,0.46587769,0.218174603,0.389834314,0.445717965,0.06779201
Nova Independência,0.255273842,0.585012548,0.799925315,0.714285714,0,0,0.083333333,0.240072784,0.405079365,0.350279961,0.178991424,0.06779201
Nova Luzitânia,0.325060387,0.635174016,0.81331201,0.428571429,0.0000117,0,0,0.220234896,0.423174603,0.392201952,0.460020055,0.06779201
Nova Odessa,0.258692685,0.690945323,0.868819256,0,0.001325202,0,0.083333333,0.760383382,0.412380952,0.426267684,0.515210259,0.118951827
Novais,0.176718521,0.620688424,0.776622267,0,0,0,0,0.55711325,0.268174603,0.343270947,0.469645081,0.06779201
Novo Horizonte,0.302707761,0.654611768,0.828322472,0.857142857,0.003354052,0,0,0.340150371,0.574047619,0.418810676,0.455045901,0.06779201
Nuporanga,0.378669918,0.643906604,0.803347372,0,0.000445643,0,0.083333333,0.56992986,0.348333333,0.447322962,0.318987442,0.06779201
Ocauçu,0.299240372,0.601007942,0.783546506,0,0.0000821,0,0.333333333,0.410222211,0.380079365,0.394250837,0.443915971,0.06779201
Óleo,0.818925569,0.603852011,0.764721081,0,0.0000117,0,0.083333333,0.23705566,0.445396825,0.362105377,0.429734377,0.06779201
Olímpia,0.327939673,0.653194476,0.835471862,0.714285714,0.002392401,0.001601281,0.083333333,0.881999149,0.517698413,0.419872355,0.500388129,0.103325178
Onda Verde,0.279028402,0.614929108,0.808419004,0,0.0000235,0,0,0.615645021,0.377142857,0.344124808,0.328465394,0.06779201
Oriente,0.318048628,0.61807077,0.845785016,0,0.000715375,0,0,0.447642022,0.419206349,0.413926806,0.465534582,0.06779201
Orindiúva,0.337598126,0.645687128,0.867418425,0,0.0000117,0.001801441,0,0.613678972,0.437301587,0.396066938,0.209330676,0.06779201
Orlândia,0.28186425,0.69002914,0.817946644,0.142857143,0.002404128,0.00020016,0,0.739054538,0.379047619,0.423235303,0.507714046,0.112135323
Osasco,0.24168669,0.702364115,0.828949471,0,0.018752199,0.004803843,0.166666667,0.798563353,0.27984127,0.388740776,0.613283017,0.16513932
Oscar Bressane,0.405977572,0.616295301,0.828634504,0,0,0,0.25,0.326222426,0.119047619,0.3546105,0.462305013,0.06779201
Osvaldo Cruz,0.341488774,0.651677161,0.827095035,0,0.001090653,0.001200961,0.083333333,0.856384302,0.314047619,0.406478644,0.484925437,0.088891197
Ourinhos,0.280927946,0.674515294,0.836263349,0,0.002544858,0.002401922,0.083333333,0.721497608,0.642857143,0.415903372,0.505472462,0.119504379
Ouro Verde,0.216413213,0.546443401,0.755752556,0,0.0000938,0,0.166666667,0.507510162,0.125079365,0.307266522,0.46968046,0.06779201
Ouroeste,0.28463526,0.627721236,0.852737573,0.428571429,0.000117275,0.00020016,0.166666667,0.355104231,0.326984127,0.391937911,0.4047085,0.06779201
Pacaembu,0.251789935,0.62093373,0.739740543,0,0.000281459,0,0,0.568390805,0.426984127,0.315869316,0.479777539,0.06779201
Palestina,0.492290351,0.631177951,0.771156168,0,0,0,0,0.487970912,0.221111111,0.367053788,0.389078698,0.06779201
Palmares Paulista,0.140502671,0.624725184,0.787566882,0.714285714,0.000152457,0,0.083333333,0.272960039,0.493174603,0.360987373,0.467150378,0.06779201
Palmeira d'Oeste,0.236878724,0.631326188,0.810360635,0,0.000246277,0,0.083333333,0.379812935,0.416984127,0.357595321,0.487081723,0.06779201
Palmital,0.372893069,0.633877026,0.811737932,0.571428571,0.000809194,0,0.333333333,0.786373081,0.369920635,0.373324828,0.495403893,0.06779201
Panorama,0.284825743,0.625985583,0.762358421,0,0.000129002,0,0.166666667,0.569295923,0.160079365,0.366188079,0.426823721,0.06779201
Paraguaçu Paulista,0.324058479,0.612920574,0.847864382,1,0.001806028,0.001401121,0.666666667,0.729918602,0.282857143,0.351569161,0.363428731,0.06779201
Paraibuna,0.23825511,0.57069983,0.772546116,0,0.00064501,0.00020016,0,0.451627298,0.501111111,0.31191344,0.481847698,0.06779201
Paraíso,0.44187628,0.682404135,0.801443666,0.857142857,0.0000821,0,0,0.667661183,0.479047619,0.4281931,0.302127472,0.06779201
Paranapanema,0.35012449,0.585797822,0.764255724,0.428571429,0.001313475,0.001000801,0.083333333,0.49382966,0.511111111,0.339372621,0.495635669,0.06779201
Paranapuã,0.234206951,0.624002179,0.786023424,0.428571429,0.0000117,0,0.166666667,0.513821129,0.352857143,0.383408123,0.260396787,0.06779201
Parapuã,0.402779663,0.586113218,0.791263351,0,0.000316641,0.00040032,0.166666667,0.57184882,0.441428571,0.350479237,0.399173043,0.06779201
Pardinho,0.354455551,0.610009337,0.777092153,0,0.000398733,0,0.083333333,0.256846204,0.161269841,0.362147735,0.411461282,0.06779201
Pariquera-Açu,0.239614346,0.551986156,0.787452807,0.714285714,0.000164184,0,0.25,0.725410875,0.447142857,0.312864504,0.483374334,0.06779201
Parisi,0.41838208,0.653014546,0.743745048,0,0,0,0.083333333,0.630356953,0.431111111,0.41785766,0.433552243,0.06779201
Patrocínio Paulista,0.289557204,0.595378837,0.773798886,0,0.000269731,0.002401922,0.083333333,0.551749357,0.597698413,0.382678429,0.456041053,0.111259682
Paulicéia,0.255101065,0.593985851,0.772843151,0,0.000480826,0.00020016,0.083333333,0.054600895,0.284047619,0.279760735,0.381633505,0.06779201
Paulínia,0.249433859,0.757023715,0.877767732,0.714285714,0.002697314,0.00060048,0.083333333,0.566511867,0.525952381,0.424969346,0.584362387,0.23167657
Paulistânia,0.377853872,0.58386777,0.792935186,0,0,0,0,0.613254921,0.342301587,0.285349528,0.40073901,0.06779201
Paulo de Faria,0.414147013,0.611033804,0.778737637,0,0.000668465,0.00040032,0.083333333,0.531168647,0.391984127,0.37208601,0.475871226,0.06779201
Pederneiras,0.247717525,0.635336427,0.787897447,0,0.005289082,0.000800641,0,0.788522943,0.352142857,0.387142978,0.519055327,0.121662404
Pedra Bela,0.210570815,0.560477871,0.712967248,0,0.0000469,0,0.333333333,0.539741131,0.323174603,0.265341091,0.46198054,0.06779201
Pedranópolis,0.735945137,0.61022378,0.806643912,0.142857143,0.0000117,0,0.166666667,0.439878334,0.467142857,0.307398151,0.388952851,0.06779201
Pedregulho,0.407056371,0.61422393,0.773825007,0.428571429,0.000715375,0,0.083333333,0.372025754,0.335238095,0.364185153,0.447296451,0.06779201
Pedreira,0.27878169,0.682459238,0.83267168,0,0.002169579,0,0.25,0.553340613,0.455079365,0.402060502,0.509794196,0.1092449
Pedrinhas Paulista,0.37418289,0.652828413,0.849557547,0,0.0000117,0,0.166666667,0.621331533,0.543888889,0.486633652,0.433552749,0.06779201
Pedro de Toledo,0.156895579,0.487650868,0.766841083,0,0.000152457,0,0.166666667,0.269361488,0.344047619,0.271468033,0.474012833,0.06779201
Penápolis,0.321179316,0.669487987,0.831184925,0,0.005969274,0.002602082,0.25,0.594326249,0.409920635,0.420415308,0.502021018,0.088834895
Pereira Barreto,0.297371005,0.630342353,0.843863877,0,0.000844377,0.00040032,0.083333333,0.790254774,0.252857143,0.367547934,0.438860058,0.06779201
Pereiras,0.392275978,0.637646787,0.756488208,0,0.0000469,0,0.083333333,0.269256322,0.253888889,0.314560477,0.395583829,0.06779201
Peruíbe,0.296950218,0.60966487,0.814482387,0,0.003494781,0.00040032,0,0.802898342,0.457857143,0.322988692,0.495411176,0.06779201
Piacatu,0.237017942,0.571840389,0.803296486,0,0.0000704,0,0.166666667,0.42141181,0.455952381,0.371212944,0.45288114,0.06779201
Piedade,0.224971395,0.570822313,0.757907598,0,0.002204761,0.001601281,0,0.75716455,0.510793651,0.277610729,0.503472347,0.105846754
Pilar do Sul,0.251257923,0.565444353,0.747662693,0,0.001454204,0,0,0.674312476,0.447698413,0.309723442,0.4750747,0.06779201
Pindamonhangaba,0.204259553,0.644162801,0.843588318,0.285714286,0.00759939,0.00040032,0.916666667,0.827153716,0.548730159,0.367458031,0.533664797,0.170178182
Pindorama,0.293402415,0.643484026,0.785777901,0.714285714,0.000258004,0,0.166666667,0.412197108,0.474761905,0.426096489,0.462686597,0.092728176
Pinhalzinho,0.248194298,0.612128579,0.796370186,0.714285714,0.000140729,0,0.083333333,0.497003894,0.168174603,0.321261064,0.489050592,0.06779201
Piquerobi,0.300721041,0.549796807,0.765516553,0,0.0000938,0,0,0.496012967,0.260396825,0.371036113,0.384898453,0.06779201
Piquete,0.197113718,0.580299583,0.843995118,0,0.000293186,0,0.916666667,0.620572125,0.368333333,0.360219879,0.388531132,0.06779201
Piracaia,0.271456252,0.672251378,0.798889376,1,0.0011962,0.000800641,0.083333333,0.60813566,0.403015873,0.330362524,0.491130562,0.078006429
Piracicaba,0.274388341,0.749008473,0.847516014,0.857142857,0.024357922,0.019415532,0.25,0.765273612,0.68031746,0.441220649,0.660131017,0.165021721
Piraju,0.350375361,0.657393566,0.827017374,0,0.003119503,0,1,0.691882405,0.577857143,0.397286458,0.49309509,0.06779201
Pirajuí,0.248722977,0.646673777,0.787353317,0,0.000785739,0,0,0.339768669,0.443730159,0.360763282,0.473866264,0.06779201
Pirangi,0.438873116,0.665289595,0.800863644,0,0.00069192,0.00040032,0,0.703352354,0.487142857,0.419606602,0.460053917,0.06779201
Pirapora do Bom Jesus,0.270899816,0.552788423,0.796073411,0,0.000152457,0,1,0.625822276,0.097460317,0.299925286,0.473616385,0.06779201
Pirapozinho,0.241443593,0.640913448,0.841675639,0,0.001067198,0.001200961,0.166666667,0.803148935,0.372857143,0.378245798,0.484538889,0.100415835
Pirassununga,0.276209758,0.734061279,0.863289692,0,0.005230444,0.002401922,0.083333333,0.609787563,0.528888889,0.414057896,0.510560307,0.110959852
Piratininga,0.319906274,0.688357182,0.848396274,0,0.001008561,0,0.083333333,0.548440738,0.395079365,0.380169614,0.486447433,0.06779201
Pitangueiras,0.18962384,0.593919757,0.781988387,0.714285714,0.001055471,0.00020016,0.083333333,0.583809705,0.451269841,0.383511788,0.429083409,0.06779201
Planalto,0.347609447,0.589898395,0.783450865,0,0.0000235,0,0,0.513267166,0.325793651,0.378399285,0.238485544,0.06779201
Platina,0.241367642,0.585630666,0.77485936,0,0,0,0.583333333,0.517674863,0.394920635,0.354690441,0.424802081,0.06779201
Poá,0.279673893,0.602581636,0.870366074,0,0.009710332,0.00040032,0.083333333,0.763203441,0.679285714,0.357668557,0.504535704,0.101674578
Poloni,0.294250024,0.671002869,0.787662623,0,0.000304914,0,0,0.499407124,0.452142857,0.440770487,0.391279759,0.06779201
Pompéia,0.378029945,0.67179377,0.87229944,0,0.003952152,0,0.083333333,0.514715502,0.387142857,0.413898224,0.440537099,0.147684421
Pongaí,0.37197999,0.643085082,0.794676774,0,0,0,0.083333333,0.469256894,0.123174603,0.372207253,0.443340517,0.06779201
Pontal,0.159806067,0.616458702,0.756211989,0,0.000621555,0,0.166666667,0.606623293,0.528888889,0.379038296,0.348735959,0.085996012
Pontalinda,0.197845878,0.587226529,0.731880009,0.142857143,0,0,0.083333333,0.366402394,0.460079365,0.315746413,0.422174455,0.06779201
Pontes Gestal,0.204864538,0.621840651,0.793442713,0,0,0,0.083333333,0.643784298,0.455079365,0.406245988,0.277719206,0.06779201
Populina,0.171928284,0.60691817,0.798244448,0,0.0000235,0,0.083333333,0.583518065,0.349920635,0.376540708,0.418776585,0.06779201
Porangaba,0.28584665,0.553995042,0.711520385,0,0.000105547,0,0,0.583260943,0.294206349,0.317259042,0.474885974,0.06779201
Porto Feliz,0.288545814,0.660801861,0.82147602,0.714285714,0.007751847,0.000800641,0.083333333,0.600306714,0.484047619,0.384890479,0.51209696,0.110614719
Porto Ferreira,0.331203907,0.64977758,0.826536763,0,0.002275126,0.001000801,0,0.627413577,0.561666667,0.404637457,0.517437005,0.128332557
Potim,0.164830718,0.539367796,0.777344602,0.428571429,0.000363551,0,0,0.21141914,0.318015873,0.251006748,0.479911978,0.06779201
Potirendaba,0.498288549,0.658308356,0.81383069,0,0.000387006,0.00020016,0,0.595268787,0.334920635,0.422324423,0.441054846,0.06779201
Pracinha,0.096717218,0.551412788,0.778185888,0.714285714,0.0000117,0,0.083333333,0.200038693,0.414047619,0.217188049,0.418205471,0.06779201
Pradópolis,0.238551186,0.651965263,0.792210563,0,0.000762285,0.00060048,0,0.510101609,0.337142857,0.403741617,0.275856564,0.06779201
Praia Grande,0.257330123,0.648210451,0.83715501,0,0.007798757,0.000800641,0,0.851345977,0.451666667,0.369812377,0.495470607,0.06779201
Pratânia,0.302255768,0.585494739,0.773445528,0,0.0000117,0,0.25,0.531836776,0.385079365,0.349042984,0.44833801,0.06779201
Presidente Alves,0.312218174,0.610005608,0.774012022,0,0.0000586,0,0,0.367535138,0.483333333,0.330890656,0.419399755,0.06779201
Presidente Bernardes,0.37781016,0.612316861,0.820647128,0,0.000609828,0.001200961,0.083333333,0.407012456,0.426111111,0.35471758,0.478368961,0.06779201
Presidente Epitácio,0.355743817,0.606371945,0.832932573,0,0.001395567,0.001200961,0.166666667,0.613218867,0.549047619,0.3335143,0.489684078,0.079278608
Presidente Prudente,0.288511259,0.731757379,0.86707397,0,0.020616864,0.005204163,0.083333333,0.896099173,0.627380952,0.404958476,0.529651544,0.115185093
Presidente Venceslau,0.256894539,0.663717113,0.830415263,0,0.002239944,0.00040032,0.083333333,0.777151564,0.509920635,0.370835041,0.491511641,0.06779201
Promissão,0.246846548,0.639287767,0.803357564,0,0.002462765,0.00040032,0.083333333,0.607120522,0.553888889,0.389565877,0.459169126,0.129945619
Quadra,0.287896613,0.576228337,0.72623004,0,0.0000586,0.00020016,0,0.551984555,0.433174603,0.245166592,0.47134528,0.06779201
Quatá,0.213355578,0.617963013,0.808319248,0.714285714,0.000527735,0.00020016,0.666666667,0.63636682,0.465952381,0.390703878,0.368119946,0.06779201
Queiroz,0.238312471,0.533107518,0.810999446,0.285714286,0.0000469,0,0.083333333,0.481142039,0.411269841,0.332004264,0.366125507,0.06779201
Queluz,0.202423576,0.533358068,0.788784929,0,0.000234549,0.00040032,0,0.182562573,0.362142857,0.287401285,0.45059416,0.06779201
Quintana,0.278657411,0.578479956,0.803394263,0.857142857,0.0000117,0,0,0.601564492,0.403174603,0.362262883,0.47147749,0.073902023
Rafard,0.239119259,0.637249557,0.816414977,0,0.000105547,0,0.25,0.723672482,0.488174603,0.404288686,0.452054082,0.06779201
Rancharia,0.29527095,0.62362544,0.801768501,0.142857143,0.002603495,0,0.166666667,0.637307733,0.457142857,0.377099017,0.475561202,0.09362192
Redenção da Serra,0.271069114,0.485829331,0.712319217,0.285714286,0.000152457,0,0.25,0.152407185,0.391269841,0.257024026,0.459457028,0.06779201
Regente Feijó,0.239217437,0.651774508,0.840242461,0,0.000703647,0.00020016,0.083333333,0.662077722,0.308015873,0.393926114,0.484308837,0.083354865
Reginópolis,0.163722942,0.605494527,0.800096377,0,0.000164184,0,0.083333333,0.489210984,0.407142857,0.322686891,0.415860875,0.06779201
Registro,0.287255125,0.5897075,0.816161928,0.714285714,0.002415856,0.001000801,0.166666667,0.707211219,0.526507937,0.327438454,0.501939854,0.06779201
Restinga,0.262404223,0.551294459,0.769156056,0,0.000187639,0,0.083333333,0.468260316,0.267460317,0.337803145,0.438737749,0.06779201
Ribeira,0.33950805,0.452078223,0.760970311,0,0.0000235,0,0.083333333,0.449772998,0.350238095,0.257397943,0.406050661,0.06779201
Ribeirão Bonito,0.238004922,0.617465343,0.793262206,0,0.000398733,0,0,0.638400531,0.289206349,0.383596281,0.481877012,0.06779201
Ribeirão Branco,0.360771491,0.384313323,0.715764048,0,0.0000117,0,0,0.353631454,0.188174603,0.241305809,0.322902645,0.06779201
Ribeirão Corrente,0.347397155,0.587624079,0.766453761,0,0.0000235,0,0.083333333,0.581879959,0.538174603,0.355680315,0.31355479,0.06779201
Ribeirão do Sul,0.289810448,0.660708962,0.777329936,0,0.0000938,0,0,0.322194747,0.526269841,0.355689922,0.471722316,0.06779201
Ribeirão dos Índios,0.173177069,0.564621237,0.766772236,1,0,0,0,0.376181721,0.285952381,0.300251362,0.402479137,0.06779201
Ribeirão Grande,0.277824299,0.512590141,0.788809067,0.571428571,0.000234549,0,0.166666667,0.578900943,0.403888889,0.259699765,0.470666514,0.06779201
Ribeirão Pires,0.200583378,0.671208713,0.876488975,0.857142857,0.006285915,0,1,0.490714684,0.35547619,0.364792212,0.527842682,0.135773103
Ribeirão Preto,0.360973887,0.796560095,0.855091766,1,0.042254017,0.021617294,0,0.506602117,0.652380952,0.456811896,0.655170626,0.215269096
Rifaina,0.474829064,0.61630551,0.794482145,0,0.000199367,0,0.083333333,0.821211014,0.522301587,0.358607052,0.45799791,0.06779201
Rincão,0.263842974,0.592687976,0.756327384,0,0.00064501,0.00020016,0.166666667,0.506599422,0.377460317,0.363709669,0.473738901,0.06779201
Rinópolis,0.2338858,0.598212427,0.758263574,0,0.000586373,0,0.083333333,0.526874743,0.470238095,0.367418178,0.462355048,0.088997106
Rio Claro,0.255832833,0.727663913,0.87106914,0.857142857,0.010191157,0.000800641,0.25,0.705387343,0.615634921,0.435937607,0.573733435,0.225760657
Rio das Pedras,0.22856023,0.658868194,0.836946978,0,0.000398733,0,0,0.706135092,0.389365079,0.402830408,0.486841329,0.06779201
Rio Grande da Serra,0.127945039,0.575317906,0.840112584,0,0.000680192,0,1,0.353367651,0.398015873,0.311499574,0.427321343,0.06779201
Riolândia,0.266780916,0.574028733,0.759976524,0,0.0000586,0,0.083333333,0.587506736,0.394047619,0.304422147,0.462837209,0.06779201
Riversul,0.185711389,0.421675052,0.692027907,0.428571429,0.000187639,0,0.166666667,0.340655555,0.358174603,0.289969734,0.445480422,0.06779201
Rosana,0.366129863,0.619535168,0.824018146,0,0.000445643,0.00020016,0.083333333,0.663162963,0.589920635,0.356359557,0.474114421,0.06779201
Roseira,0.272629957,0.579527086,0.83245185,0,0.000140729,0,0,0.228007732,0.230238095,0.35737868,0.473988872,0.06779201
Rubiácea,0.218968404,0.5823336,0.783552398,0,0,0,0.083333333,0.498210568,0.471111111,0.37154186,0.368355881,0.06779201
Rubinéia,0.305206565,0.634335768,0.844727482,0,0.000164184,0,0.083333333,0.425276168,0.437857143,0.378521073,0.41794144,0.06779201
Sabino,0.19553398,0.61728097,0.76726312,0,0.000152457,0,0.166666667,0.372241842,0.103174603,0.374979367,0.458593282,0.06779201
Sagres,0.230958759,0.587487334,0.809914003,0,0.0000117,0,0,0.207079213,0.374047619,0.356038887,0.409145999,0.06779201
Sales,0.299483812,0.613052594,0.804848818,0.428571429,0.000222822,0,0,0.61259762,0.369206349,0.364074155,0.482857507,0.06779201
Sales Oliveira,0.301604896,0.666338236,0.80067257,0,0.000832649,0,0.083333333,0.290324564,0.470238095,0.442208368,0.490549133,0.06779201
Salesópolis,0.241799018,0.571143084,0.780360837,0.571428571,0.0000938,0.00020016,0.083333333,0.387263197,0.385079365,0.305200069,0.477302132,0.06779201
Salmourão,0.150295311,0.588940801,0.759717137,0,0.0000235,0,0.083333333,0.441226074,0.142857143,0.328891015,0.437810322,0.06779201
Saltinho,0.40981704,0.719265806,0.827715432,0,0.000140729,0,0.083333333,0.676222731,0.509206349,0.447062401,0.489622924,0.06779201
Salto,0.232931575,0.679370561,0.854873075,0.857142857,0.002755952,0.001200961,0.166666667,0.8487656,0.375634921,0.41166772,0.552247177,0.140910152
Salto de Pirapora,0.166361565,0.583359804,0.791511538,0,0.000363551,0,0.083333333,0.788865206,0.259047619,0.336847096,0.497686117,0.083108565
Salto Grande,0.261358853,0.52919588,0.76856115,0.571428571,0.000469098,0,0.083333333,0.369872082,0.121269841,0.310728857,0.481791895,0.06779201
Sandovalina,0.184259726,0.533528332,0.794133904,0,0.0000586,0,0.083333333,0.528057773,0.320079365,0.302101983,0.127617816,0.06779201
Santa Adélia,0.415183693,0.67657414,0.811985371,0,0.000398733,0,0.083333333,0.398958339,0.390079365,0.427713074,0.304133742,0.06779201
Santa Albertina,0.256770174,0.630073714,0.782692009,0,0.0000821,0,0.166666667,0.28502813,0.410952381,0.399001238,0.297206296,0.06779201
Santa Bárbara d'Oeste,0.213870143,0.685282007,0.845628924,0,0.002697314,0.004003203,0.166666667,0.681872745,0.552063492,0.415748533,0.546682614,0.164567844
Santa Branca,0.215767245,0.594212656,0.81052103,0,0.0000938,0.000800641,0.166666667,0.446087028,0.518174603,0.305759047,0.332401319,0.06779201
Santa Clara d'Oeste,0.273195285,0.62790212,0.799409555,0,0.0000117,0,0.166666667,0.30941461,0.403174603,0.404602371,0.453003747,0.06779201
Santa Cruz da Conceição,0.415224617,0.821801453,0.807964136,0,0.0000821,0,0.083333333,0.812260288,0.213492063,0.447014642,0.431954642,0.06779201
Santa Cruz da Esperança,0.450878766,0.602411477,0.760437177,0.714285714,0.0000117,0,0.166666667,0.351260753,0.459047619,0.335045075,0.391411165,0.06779201
Santa Cruz das Palmeiras,0.182263784,0.66157526,0.779107133,0,0.001278292,0.001000801,0.083333333,0.712892945,0.317142857,0.369970918,0.460130234,0.06779201
Santa Cruz do Rio Pardo,0.486124079,0.666993079,0.793776657,0,0.001090653,0.002001601,0.166666667,0.765054452,0.614920635,0.415617387,0.489387792,0.095871407
Santa Ernestina,0.24463489,0.635319156,0.826141613,0.571428571,0.0000469,0,0,0.5338883,0.326984127,0.416039841,0.468280474,0.06779201
Santa Fé do Sul,0.296130084,0.69083767,0.854891329,0,0.003002228,0.000800641,0.166666667,0.815118674,0.591349206,0.431940272,0.499737783,0.098687781
Santa Gertrudes,0.221568372,0.647420955,0.827752835,0.714285714,0.000938196,0.00020016,0.166666667,0.564658098,0.489047619,0.407687199,0.313699636,0.124945046
Santa Isabel,0.204777756,0.586723348,0.803815411,0,0.001407294,0.00040032,0.833333333,0.566832108,0.569047619,0.303092359,0.502433225,0.06779201
Santa Lúcia,0.124701267,0.606862864,0.80252259,0,0.0000235,0,0,0.307079734,0.406269841,0.373163678,0.470739293,0.06779201
Santa Maria da Serra,0.341454907,0.576364544,0.75630566,0.428571429,0.000246277,0,0.083333333,0.789067027,0.311269841,0.343129911,0.487340791,0.06779201
Santa Mercedes,0.307870702,0.584047489,0.840212527,0,0.0000235,0,0.083333333,0.354644642,0.190079365,0.348028602,0.440826608,0.06779201
Santa Rita do Passa Quatro,0.288552634,0.692450565,0.835520297,0.571428571,0.004057699,0.00060048,0.083333333,0.541811013,0.429761905,0.429073389,0.492673371,0.06779201
Santa Rita d'Oeste,0.206789929,0.628054653,0.811988156,0,0.0000117,0,0.083333333,0.444774106,0.563888889,0.387993517,0.430822524,0.06779201
Santa Rosa de Viterbo,0.268605282,0.653568115,0.817835735,0,0.000985106,0,0.166666667,0.327940206,0.551825397,0.380297553,0.498045761,0.06779201
Santa Salete,0.380986989,0.629994485,0.852818631,0,0.0000117,0,0.25,0.266560834,0.248174603,0.39083566,0.37325482,0.06779201
Santana da Ponte Pensa,0.283046775,0.689151378,0.84742922,0,0.0000117,0,0.083333333,0.604266879,0.457142857,0.517439192,0.339553076,0.06779201
Santana de Parnaíba,0.440235037,0.922524484,0.8736774,0.428571429,0.020816231,0.005204163,0.583333333,0.814260892,0.551349206,0.378691692,0.608259658,0.153453091
Santo Anastácio,0.293921206,0.618888992,0.810660579,0.428571429,0.001442477,0.000800641,0.083333333,0.595626646,0.384047619,0.359135741,0.490859454,0.06779201
Santo André,0.260401281,0.789544894,0.870344941,0.571428571,0.028568078,0.012409928,0.916666667,0.826572105,0.51031746,0.445204938,0.605127632,0.230200308
Santo Antônio da Alegria,0.603780389,0.586262177,0.761609174,0.714285714,0.000562918,0,0.166666667,0.508952673,0.652698413,0.369338484,0.475948048,0.06779201
Santo Antônio de Posse,0.300319695,0.627556298,0.754198573,0.571428571,0.000504281,0,0.416666667,0.42848147,0.497698413,0.360809302,0.494159366,0.069872823
Santo Antônio do Aracanguá,0.385294364,0.624311072,0.848005842,0,0.000363551,0,0,0.520685432,0.369047619,0.368528432,0.442667816,0.06779201
Santo Antônio do Jardim,0.588155588,0.603101094,0.774522828,0,0.0000704,0,0.083333333,0.048323088,0.289047619,0.360739011,0.451015166,0.06779201
Santo Antônio do Pinhal,0.484419198,0.56343569,0.760032162,0.285714286,0.000457371,0,0,0.814576281,0.374047619,0.325111722,0.476324578,0.06779201
Santo Expedito,0.343452568,0.530450958,0.776479797,0.428571429,0.000258004,0,0.166666667,0.571213952,0.578015873,0.391974416,0.444005131,0.06779201
Santópolis do Aguapeí,0.239818956,0.601548477,0.831054361,0,0.0000117,0,0.25,0.403184965,0.452142857,0.369458469,0.444886566,0.06779201
Santos,0.329195124,0.894912142,0.895174015,1,0.099753723,0.018414732,0.083333333,0.822640217,0.670634921,0.485081959,0.614274022,0.274394458
São Bento do Sapucaí,0.30769348,0.61159374,0.786317284,0,0.000269731,0,0.083333333,0.278565404,0.461111111,0.318964773,0.479048232,0.06779201
São Bernardo do Campo,0.243401755,0.764103399,0.88261982,0.714285714,0.04523279,0.009007206,1,0.894317652,0.488015873,0.431949213,0.737710517,0.372677913
São Caetano do Sul,0.40281271,0.996691691,0.94245931,1,0.00630937,0.002201761,1,0.774793096,0.500793651,0.54998726,0.598711557,0.148931147
São Carlos,0.331513792,0.736331288,0.885544601,1,0.0134983,0.00040032,0,0.761838578,0.42047619,0.467438824,0.571465363,0.166383282
São Francisco,0.285779701,0.614892214,0.792700533,0.285714286,0.0000352,0,0.083333333,0.474661606,0.439206349,0.349395596,0.468600904,0.06779201
São João da Boa Vista,0.33280289,0.719889217,0.857809764,0,0.008572769,0.004603683,0.083333333,0.565026113,0.530634921,0.439458376,0.520127211,0.123549194
São João das Duas Pontes,0.271543652,0.584131303,0.799541987,0,0.0000117,0,0,0.385538532,0.503174603,0.366475373,0.445096816,0.06779201
São João de Iracema,0.417179449,0.577880851,0.84080688,0.285714286,0,0,0.166666667,0.727725755,0.328174603,0.402753531,0.407382118,0.06779201
São João do Pau d'Alho,0.49419127,0.64290743,0.814318713,0,0.0000235,0,0,0.179649874,0.262142857,0.363224089,0.441253679,0.06779201
São Joaquim da Barra,0.269466808,0.664694363,0.818573467,0,0.002263399,0.001200961,0.083333333,0.755188621,0.440952381,0.414361609,0.454952698,0.124035055
São José da Bela Vista,0.193341412,0.566882929,0.710858758,0,0.0000352,0,0,0.2,0.312142857,0.339834229,0.455333894,0.06779201
São José do Barreiro,0.332557582,0.459229649,0.733300141,0,0.0000469,0,0,0.446368389,0.301428571,0.265206195,0.303874675,0.06779201
São José do Rio Pardo,0.35957764,0.651930793,0.829088327,0,0.003330597,0.002401922,0.083333333,0.653423871,0.559047619,0.403652917,0.501667438,0.096897384
São José do Rio Preto,0.35393947,0.764453205,0.869055129,0.428571429,0.033259059,0.006605284,0,0.708966537,0.659444444,0.451658407,0.596281559,0.182507765
São José dos Campos,0.242370442,0.756307946,0.882771496,0.714285714,0.03242641,0.010008006,0.166666667,0.741949593,0.597539683,0.406224789,0.648222665,0.364880142
São Lourenço da Serra,0.253078443,0.5905878,0.808449679,0,0.0000117,0,0.083333333,0.187337111,0.325238095,0.27606768,0.387933738,0.06779201
São Luiz do Paraitinga,0.473835987,0.568663184,0.730260481,0.571428571,0.000316641,0,0.166666667,0.736590346,0.239206349,0.301450069,0.479327724,0.06779201
São Manuel,0.289438569,0.652010458,0.809022754,0.285714286,0.001442477,0.00060048,0.083333333,0.668449326,0.378888889,0.399554133,0.471118649,0.06779201
São Miguel Arcanjo,0.262414551,0.57368377,0.754041356,0.285714286,0.000457371,0.001401121,0,0.694742498,0.520952381,0.284945111,0.492050913,0.06779201
São Paulo,0.343970553,0.837395258,0.836373901,1,1,1,0,0.76595122,0.772619048,0.678110531,0.999176182,0.892034551
São Pedro,0.346347659,0.655499143,0.798894479,0,0.001911575,0,0,0.957536701,0.390238095,0.407454634,0.490922838,0.06779201
São Pedro do Turvo,0.634742248,0.554664122,0.769655303,0.571428571,0.000281459,0,0,0.569291664,0.433174603,0.317324827,0.451738201,0.06779201
São Roque,0.243083883,0.684446491,0.826047591,0,0.005593996,0.00040032,0,0.48350785,0.433015873,0.325768789,0.512116166,0.091333937
São Sebastião,0.247277014,0.66822733,0.841365199,0.571428571,0.010249795,0.000800641,0,0.853600031,0.418253968,0.336149439,0.497619195,0.0848508
São Sebastião da Grama,0.345279845,0.586165299,0.763635675,0,0.000422188,0,0.083333333,0.689999484,0.413174603,0.371463186,0.469860386,0.06779201
São Simão,0.328415142,0.642901823,0.836137323,0,0.000457371,0,0.166666667,0.667648474,0.464047619,0.413133675,0.486124774,0.06779201
São Vicente,0.16243795,0.64021185,0.834159669,0.857142857,0.026902779,0.00020016,0,0.706081474,0.452539683,0.381209781,0.509941892,0.110027099
Sarapuí,0.361733253,0.579526808,0.745747567,0,0.000222822,0,0.083333333,0.613319021,0.300079365,0.31576646,0.468042219,0.06779201
Sarutaiá,0.32960944,0.57796644,0.716710049,0,0.000703647,0,0.916666667,0.450370264,0.437301587,0.342400958,0.38737951,0.06779201
Sebastianópolis do Sul,0.722920153,0.683605347,0.835214913,0,0.0000235,0,0,0.626364728,0.426984127,0.411305636,0.200232584,0.06779201
Serra Azul,0.156398214,0.586437167,0.736440951,0,0.000117275,0,0.166666667,0.365334551,0.233174603,0.30439561,0.470803986,0.06779201
Serra Negra,0.40385024,0.693092286,0.79178564,1,0.00243931,0.00040032,0.416666667,0.708145695,0.351984127,0.395936495,0.486793639,0.06779201
Serrana,0.269365778,0.630590063,0.795967133,0.285714286,0.001067198,0,0.083333333,0.588832226,0.486269841,0.387859516,0.433574987,0.06779201
Sertãozinho,0.29022591,0.701635106,0.838450578,0,0.004667527,0.01561249,0.083333333,0.841581972,0.421825397,0.418244055,0.555616926,0.193237387
Sete Barras,0.240913186,0.465389343,0.738888139,0.571428571,0.0000235,0,0.25,0.329700167,0.374206349,0.261475228,0.389932128,0.06779201
Severínia,0.213957759,0.627032381,0.773444488,0.714285714,0.000140729,0,0,0.607150731,0.323888889,0.355839064,0.463049987,0.06779201
Silveiras,0.197902364,0.482008617,0.704806089,0,0.0000704,0,0,0.369647227,0.260396825,0.286156484,0.444988659,0.06779201
Socorro,0.279646341,0.639857608,0.791770363,0.857142857,0.003529964,0.000800641,0.333333333,0.825825629,0.146984127,0.354805251,0.505342066,0.06779201
Sorocaba,0.292581943,0.738999783,0.867475483,1,0.032696142,0.011809448,0.166666667,0.856695711,0.76984127,0.428459158,0.6767889,0.22123231
Sud Mennucci,0.294411189,0.657796349,0.843118345,0.571428571,0.000152457,0,0.166666667,0.5116661,0.173174603,0.373530077,0.446952682,0.06779201
Sumaré,0.221149707,0.661393215,0.828598269,0,0.006919198,0,0.083333333,0.754273865,0.464761905,0.394802803,0.565571778,0.234012648
Suzanápolis,0.190698569,0.551287008,0.813888845,0,0.0000117,0,0.083333333,0.498397055,0.450079365,0.335371944,0.178138798,0.06779201
Suzano,0.227590352,0.58902114,0.827746294,0.857142857,0.019936672,0,0.833333333,0.71230898,0.69515873,0.34781581,0.563223851,0.240869701
Tabapuã,0.290580552,0.647713027,0.811254116,0,0.0000469,0.00020016,0,0.653185189,0.433888889,0.396013025,0.475680181,0.06779201
Tabatinga,0.388910413,0.608685483,0.724704533,0,0.000234549,0,0.166666667,0.660146069,0.455396825,0.312047781,0.419888577,0.06779201
Taboão da Serra,0.209056001,0.653781691,0.851762959,0,0.006567374,0.00040032,0,0.841246652,0.746031746,0.371345131,0.554569121,0.14746371
Taciba,0.315027986,0.59122079,0.813079438,0,0.0000586,0,0.166666667,0.525277273,0.341269841,0.353431063,0.447079539,0.06779201
Taguaí,0.200212526,0.602968287,0.785910313,0,0.000387006,0,0.166666667,0.617736282,0.530238095,0.351020133,0.216750598,0.06779201
Taiaçu,0.301641311,0.607027885,0.764919294,0,0.000258004,0,0.083333333,0.576212306,0.275079365,0.371977756,0.479064911,0.06779201
Taiúva,0.279659246,0.649285059,0.813650537,0,0.000140729,0,0.083333333,0.630184824,0.158174603,0.452143397,0.474239257,0.06779201
Tambaú,0.322941391,0.640254071,0.765458114,0,0.002169579,0.001000801,0.083333333,0.808980281,0.428015873,0.399557105,0.454043881,0.06779201
Tanabi,0.394579371,0.653279693,0.824740274,0.857142857,0.000832649,0,0,0.515026104,0.483015873,0.391964912,0.474909729,0.06779201
Tapiraí,0.231030327,0.497361741,0.722278531,0,0.0000352,0,0.583333333,0.762418163,0.458015873,0.267439283,0.480315088,0.06779201
Tapiratiba,0.242354321,0.612269643,0.79852317,0,0.000340096,0,0.083333333,0.434672302,0.470079365,0.384505232,0.407088268,0.06779201
Taquaral,0.195678216,0.66120829,0.800186826,0,0.0000235,0,0.083333333,0.691688581,0.546984127,0.388545876,0.359232727,0.06779201
Taquaritinga,0.374441572,0.635563993,0.809123114,0,0.003307142,0.000800641,0.166666667,0.740117534,0.555952381,0.392647231,0.507197426,0.06779201
Taquarituba,0.367595068,0.586536431,0.760617331,0,0.000387006,0.00040032,0.25,0.848762651,0.440952381,0.328250845,0.492880796,0.06779201
Taquarivaí,0.357835272,0.457122606,0.774008406,0.714285714,0.0000235,0,0,0.614059799,0.352142857,0.263884216,0.466445123,0.06779201
Tarabai,0.214691816,0.552904223,0.798291073,0,0.0000235,0,0.166666667,0.476108237,0.336269841,0.326255355,0.463682255,0.06779201
Tarumã,0.357220131,0.641982162,0.809648776,0.714285714,0.0000352,0.00040032,0.333333333,0.707222055,0.255793651,0.379224398,0.415693675,0.093063459
Tatuí,0.238315312,0.642328679,0.802598952,0,0.004644072,0.001200961,0.083333333,0.650894162,0.367539683,0.395208559,0.539810672,0.140841191
Taubaté,0.238856656,0.711239487,0.877486138,0.428571429,0.013533482,0.004203363,0.166666667,0.739556926,0.426428571,0.410457028,0.579726171,0.178411324
Tejupá,0.284865179,0.525397147,0.716991918,0.285714286,0.0000352,0,1,0.429773442,0.404206349,0.246733058,0.397029302,0.06779201
Teodoro Sampaio,0.275205674,0.576391391,0.792934872,0.571428571,0.00184121,0,0.083333333,0.499265354,0.461507937,0.33428615,0.475706967,0.06779201
Terra Roxa,0.256936174,0.649687386,0.824491107,0,0.000656737,0,0,0.482611896,0.422142857,0.368745022,0.481328136,0.06779201
Tietê,0.303545104,0.692356507,0.812983719,0,0.001641844,0.001801441,0.083333333,0.736365456,0.606825397,0.421172413,0.508337929,0.091938163
Timburi,0.343967236,0.56547384,0.78734659,0,0.000117275,0,0.166666667,0.239487447,0.380238095,0.385480563,0.44651348,0.06779201
Torre de Pedra,0.183984522,0.56270446,0.804680277,0,0.0000117,0,0.083333333,0.567829724,0.325079365,0.374326303,0.457339866,0.06779201
Torrinha,0.546800653,0.663219892,0.748002395,0.857142857,0.000820922,0,0.083333333,0.623717211,0.306111111,0.392103877,0.468795487,0.06779201
Trabiju,0.298421709,0.547330657,0.818578506,0,0,0,0,0.314676891,0.423333333,0.422429616,0.392968838,0.06779201
Tremembé,0.195014474,0.683874306,0.842069227,0,0.003072593,0,0.333333333,0.648453783,0.365238095,0.327384573,0.502537754,0.11895015
Três Fronteiras,0.289099696,0.630866324,0.800326167,0,0.0000352,0,0.083333333,0.403938802,0.380079365,0.365491586,0.480200061,0.06779201
Tuiuti,0.328529834,0.609867618,0.768458869,0,0.0000235,0,0.333333333,0.707746001,0.150238095,0.306340826,0.483675765,0.06779201
Tupã,0.263546557,0.68159367,0.81802724,0.428571429,0.006543919,0.001200961,0,0.769448903,0.507857143,0.390120042,0.517331789,0.078584183
Tupi Paulista,0.278622947,0.692355428,0.845540294,0,0.000903014,0.00040032,0.083333333,0.530657291,0.453888889,0.408855518,0.487678612,0.06779201
Turiúba,0.735897551,0.630949561,0.829551972,0,0.0000117,0,0.166666667,0.506425084,0.401269841,0.415759599,0.372661468,0.06779201
Turmalina,0.290043072,0.64960757,0.796260858,0.714285714,0.0000117,0,0.083333333,0.656185996,0.268174603,0.404818239,0.383113851,0.06779201
Ubarana,0.244731456,0.584818853,0.775679708,0,0,0,0,0.44803309,0.430079365,0.344929894,0.34289889,0.06779201
Ubatuba,0.306092604,0.625084142,0.820558262,0.714285714,0.010613346,0.004803843,0,0.571639654,0.597539683,0.293867687,0.491908478,0.06779201
Ubirajara,0.255780725,0.572747774,0.770504125,0.857142857,0.000351824,0,0,0.271129945,0.460238095,0.353557465,0.3064088,0.06779201
Uchoa,0.365150625,0.616511816,0.777485325,0,0.000117275,0.00040032,0,0.651470455,0.310238095,0.398433048,0.466824686,0.06779201
União Paulista,0.381608042,0.620519158,0.757474819,0,0,0,0,0.485592184,0.370396825,0.380419011,0.456707093,0.06779201
Urânia,0.293238646,0.634184299,0.826260612,0,0.000175912,0,0.25,0.509817119,0.561984127,0.377735999,0.467002798,0.06779201
Uru,0.703522543,0.566629127,0.764848383,0.571428571,0.0000469,0,0,0.206776945,0.463174603,0.316394141,0.380358861,0.06779201
Urupês,0.532560395,0.672400377,0.803158119,0.571428571,0.000187639,0.001601281,0,0.578955619,0.153174603,0.407167085,0.449607094,0.06779201
Valentim Gentil,0.366611007,0.618951969,0.810015771,0,0.000187639,0.00040032,0.083333333,0.459971416,0.460238095,0.384297233,0.416761308,0.06779201
Valinhos,0.323033197,0.871161587,0.882539719,0.142857143,0.011000352,0.004603683,0.25,0.761779079,0.532698413,0.446472148,0.565212639,0.135269343
Valparaíso,0.213140683,0.624730854,0.795737458,0,0.001055471,0.003402722,0.083333333,0.65671295,0.212142857,0.370350778,0.431857695,0.06779201
Vargem,0.203046388,0.592364065,0.74622067,0.142857143,0.0000586,0,0,0.613438563,0.231428571,0.302499955,0.487992471,0.06779201
Vargem Grande do Sul,0.284046546,0.635972428,0.768358158,0,0.00114929,0.001601281,0.166666667,0.603526147,0.509761905,0.389438673,0.496635784,0.06779201
Vargem Grande Paulista,0.245139584,0.67280216,0.823220939,0,0.002873226,0.00020016,0,0.824870149,0.336984127,0.356579861,0.50266491,0.133745409
Várzea Paulista,0.183416444,0.632631175,0.814280675,0.714285714,0.003260232,0,0.083333333,0.726083024,0.513015873,0.387344029,0.503696244,0.149950615
Vera Cruz,0.230030074,0.62097771,0.834718088,0.714285714,0.000258004,0,0.083333333,0.367636559,0.457301587,0.338077087,0.460318247,0.06779201
Vinhedo,0.314963255,0.85009589,0.878623924,0,0.006637739,0.001200961,0.416666667,0.771757878,0.538730159,0.449511743,0.573876764,0.263592792
Viradouro,0.313544339,0.635014642,0.783139344,0.428571429,0.000586373,0,0.083333333,0.676330304,0.491984127,0.410224682,0.471791855,0.06779201
Vista Alegre do Alto,0.293506367,0.654161012,0.816772348,0,0.000140729,0,0.25,0.584958807,0.388888889,0.43137904,0.374342047,0.141344178
Vitória Brasil,0.238031384,0.598015638,0.774520186,0,0,0,0.166666667,0.204784408,0.463333333,0.314446155,0.385984074,0.06779201
Votorantim,0.213479209,0.631282914,0.852068057,0.571428571,0.005218717,0.001601281,0.333333333,0.808547667,0.506825397,0.393764729,0.523446834,0.109060257
Votuporanga,0.2884234,0.705293109,0.859426637,1,0.004948986,0.00060048,0.166666667,0.881524114,0.54547619,0.434597236,0.501348822,0.085599182
Zacarias,0.414236744,0.612623971,0.786587425,0,0.000140729,0,0,0.569851761,0.428174603,0.434725796,0.45256728,0.06779201
